ldk;codigoperiodo;codigoine;dscautarquia;despesatotal;despesacorrente;despesacompessoal;despesaaquisicaobens;jurosencargos;transferenciascorrentes;terrenoshabitacoes;edificios;infraestruturasbasicas;acessibilidades;outrosinvestimentosbensdecapital;transferenciasoutrasdespesascapital
A_1401;A;1401;ABRANTES;23778353.74;16442494.47;7060234.33;5516997.54;133571.48;3731691.12;332.1;1694694.54;975458.75;1790604.08;635371.29;2239398.51
A_0101;A;0101;ÁGUEDA;25863045.72;16620453.87;7426086.26;6513734.94;80704.3;2599928.37;134657.29;2380630.2;205637.3;2068009.11;1983587.56;2470070.39
A_0901;A;0901;AGUIAR DA BEIRA;8526674.99;4602606.6;1975710.4;2086591.12;25487.32;514817.76;15000;405663.81;510357.07;2117687.59;374660.84;500699.08
A_0701;A;0701;ALANDROAL;8963825.2;6792166.61;3359984.45;2045775.17;617333.11;769073.88;3154.68;300452.93;124074;466153.22;298787.58;979036.18
A_0102;A;0102;ALBERGARIA-A-VELHA;13802822.21;9625885.67;4105708.65;4544267.8;56230.11;919679.11;440160.42;189728.39;32895.59;1145638.33;1354135.16;1014378.65
A_0801;A;0801;ALBUFEIRA;77834083.32;56721838.69;20124777.6;28316960.8;5103990.94;3176109.35;251109.3;357843.66;347694.33;439738.4;559808.07;19156050.87
A_1501;A;1501;ALCÁCER DO SAL;15353653.56;13404309.88;6750716.58;5306057.75;24941.4;1322594.15;23975.05;52818.79;87150.31;757483.57;602077.69;425838.27
A_1402;A;1402;ALCANENA;10951740.32;7702207.22;3021362.75;3306450.37;359392.14;1015001.96;0;44401.1;40445.59;144611.43;775985.04;2244089.94
A_1001;A;1001;ALCOBAÇA;26811788.08;21475657.24;6922115.53;11338675.46;439681.58;2775184.67;3757.45;145500.17;16545.9;601405.45;1347591.85;3221330.02
A_1502;A;1502;ALCOCHETE;11960397.03;10570846.43;6529833.81;3256986.85;91043.95;692981.82;10000;122647.58;34656.93;223454.48;250322.95;748468.66
A_0802;A;0802;ALCOUTIM;9211968.6;5234589.55;2817384.68;2006897.96;12224.64;398082.27;331887.36;1406.97;134539.9;137896.25;2510771.13;860877.44
A_1101;A;1101;ALENQUER;25089705.32;18103100.62;9467762.57;6615718.17;239288.63;1780331.25;153607;2512262.9;8425.5;2644131.51;193810.55;1474367.24
A_0401;A;0401;ALFÂNDEGA DA FÉ;9019674.06;6665991.17;2855129.3;1874043.04;1189229.74;747589.09;0;297420.67;56925.84;259642.5;645850.16;1093843.72
A_1701;A;1701;ALIJÓ;21575700.94;10064225.72;2845553.15;5688593.17;837574.48;692504.92;58549.62;126941.9;214411.78;1493816.66;554536.44;9063218.82
A_0803;A;0803;ALJEZUR;9102499.88;7480937.47;3185302.6;3058777.56;51663.28;1185194.03;139704.12;84706.93;51976.92;194335.46;460894.8;689944.18
A_0201;A;0201;ALJUSTREL;10613296.94;7270012.05;3535352.5;2479972.9;168712.72;1085973.93;0;243389.76;425110.55;326569.68;1172187.35;1176027.55
A_1503;A;1503;ALMADA;73367923.78;57563370.31;28169769.88;21682918.29;429353.28;7281328.86;477745.37;754431.9;1537020.32;1586245.22;5544008.08;5905102.58
A_0902;A;0902;ALMEIDA;9298916.29;6643198.18;3063712.85;2511747.05;161559.97;906178.31;16057;596583.19;119556.79;651704.54;450551.66;821264.93
A_1403;A;1403;ALMEIRIM;13073968.44;10647321.28;4579593.97;4476694.35;117548.11;1473484.85;422827.87;422097.68;12945.48;284404.21;574847.15;709524.77
A_0202;A;0202;ALMODÔVAR;11060348.86;7965026.2;3892694.55;2599302.6;39438.18;1433590.87;9250.52;752150.08;119439.87;662985.9;544724.42;1006771.87
A_1404;A;1404;ALPIARÇA;5871744.71;4733369.57;2701803.17;1263574.37;266817.5;501174.53;0;17355.08;134.58;11552.26;95841.14;1013492.08
A_1201;A;1201;ALTER DO CHÃO;6219273;4855052.67;2645501.77;1642185.08;24084.54;543281.28;20975.07;34149.65;72779.69;308178.95;436184.16;491952.81
A_1002;A;1002;ALVAIÁZERE;7753484.15;4183438.06;1541058.9;2156844.48;101311.38;384223.3;0;641757.85;2124.57;662023.17;1402841.75;861298.75
A_0203;A;0203;ALVITO;4102361.75;3484116.05;1987521.42;940173.13;4622.46;551799.04;31;23059.06;90098.81;160981.37;177482.34;166593.12
A_1115;A;1115;AMADORA;74619402.28;63275561.28;26644144.72;27494953.44;359447.88;8777015.24;1352068.27;1133606.43;974635.42;269801.21;2550751.73;5062977.94
A_1301;A;1301;AMARANTE;30113055.39;21433950.6;8893364.98;9374643.53;207653.22;2958288.87;332377.05;2314241.84;32416.73;1486983.09;268363.98;4244722.1
A_0301;A;0301;AMARES;11596698.47;8018556.08;3781988.87;2892501.51;136953.62;1207112.08;16543.75;443272.48;442447.54;154666.38;289498.31;2231713.93
A_0103;A;0103;ANADIA;17306327.18;10629165.37;4176281.1;5405539.88;172584.01;874760.38;26678.8;1505667.81;2293497.22;1004713.66;534386.23;1312218.09
A_4301;A;4301;ANGRA DO HEROÍSMO;18244809.84;9817100.23;4856586.34;2760482.3;131359.43;2068672.16;646699.39;1377230.06;252470.22;2318463.57;927926.67;2904919.7
A_1003;A;1003;ANSIÃO;9931848.42;6273134.4;2242388.88;3198929.49;278666.9;553149.13;41300.33;366693.31;148964.51;909981.42;421184.9;1770589.55
A_1601;A;1601;ARCOS DE VALDEVEZ;20801765.93;11990402.47;4898259.31;5948297.74;50386.63;1093458.79;334302.21;1978293.83;801898.88;1508169.53;1614203.17;2574495.84
A_0601;A;0601;ARGANIL;10968869.98;7744409.68;3346504.89;3275958.46;107397.75;1014548.58;72500;29210.7;244508.25;811278.99;389577.31;1677385.05
A_1801;A;1801;ARMAMAR;10212709.44;6035866.24;2911885.53;2331564.38;269723.67;522692.66;74950;424652.18;11225.26;2264534.42;299193.97;1102287.37
A_0104;A;0104;AROUCA;15289155.15;10337604.86;3584395.92;5282064.32;83987.47;1387157.15;45997.56;740043.12;208422.81;930451.36;1398249.07;1628386.37
A_0702;A;0702;ARRAIOLOS;9968163.4;6024507.74;2868552.1;2204190.65;52584.04;899180.95;59191.03;59079.67;2263867.52;3231.41;427044.29;1131241.74
A_1202;A;1202;ARRONCHES;5150062.11;3548675.01;1790709.8;1318382.22;11996.93;427586.06;108291.96;684679.06;7091.87;51802.23;413437.57;336084.41
A_1102;A;1102;ARRUDA DOS VINHOS;9616396.79;7792893.71;3742303.14;3428933.97;113117.24;508539.36;411.72;225204.33;145065.37;205453.78;208078.45;1039289.43
A_0105;A;0105;AVEIRO;44831325.73;27009583.36;11709864.97;7316424.4;1781214.25;6202079.74;3126941.29;615625.56;87685.86;288383.23;1514716.6;12188389.83
A_1203;A;1203;AVIS;7238018.26;5765395.12;3296321.57;1895086.67;106610.45;467376.43;18010.92;66605.56;41242.98;171300.58;510819.17;664643.93
A_1103;A;1103;AZAMBUJA;12668704;10053526.41;5520910.62;3078439.8;248228.98;1205947.01;126748;32990.65;36949.05;119302.2;131628.43;2167559.26
A_1302;A;1302;BAIÃO;14468574.11;10076866.37;4825772.01;4195329.58;56619.17;999145.61;32327.05;1404176.44;219840.84;757648.8;566697.16;1411017.45
A_0302;A;0302;BARCELOS;58579955.09;34079604.42;14458008.54;14665791.22;298073.23;4657731.43;175493.1;1309754.21;118316.4;3999755.68;1177542.18;17719489.1
A_0204;A;0204;BARRANCOS;3639534.02;3016442.5;1827295.2;451194.45;31126.94;706825.91;4761.77;7993.28;0;49515.01;111685.42;449136.04
A_1504;A;1504;BARREIRO;40716672.43;32310054.36;14642959.55;13125303.09;531848.12;4009943.6;38430.75;205366.61;767056.87;467252.26;3004173.59;3924337.99
A_1004;A;1004;BATALHA;8868946.71;7096361.59;1839443.67;4259777.99;21384.22;975755.71;0;195606.01;64198.15;662914.72;214358.08;635508.16
A_0205;A;0205;BEJA;22227743.7;17594020.29;8266043.47;6393796.82;182387;2751793;615.89;771776.13;318277.76;902057.95;452889.75;2188105.93
A_0501;A;0501;BELMONTE;6102139.32;4421248.49;1148519.92;2714326.04;60017.85;498384.68;75370.14;52628.1;13342.01;598952.99;289722.45;650875.14
A_1405;A;1405;BENAVENTE;15600251.78;12801614.76;5723697.55;4746841.69;12610.21;2318465.31;18533.93;1075851.11;74521.5;186643.81;608101.74;834984.93
A_1005;A;1005;BOMBARRAL;9549432.46;7186454.86;3246883.19;3357372.92;171289.28;410909.47;0;993274.5;232035.83;33549.47;100803.33;1003314.47
A_0703;A;0703;BORBA;7492280.47;5636301.54;3098893.67;1977436.94;281768.66;278202.27;0;29278.51;36270.66;26996.96;572604.87;1190827.93
A_1702;A;1702;BOTICAS;8249973.14;5585032.97;2337730.58;2468200.53;20787.51;758314.35;37545;0;254899.23;521273.34;1081098.87;770123.73
A_0303;A;0303;BRAGA;87136871.1;57859212.53;24503119.6;17076189.22;470493.51;15809410.2;0;7913531.99;14839.87;2626715.11;2307869.25;16414702.35
A_0402;A;0402;BRAGANÇA;26061953.86;19894200.91;6713685.98;11475937.31;162051.16;1542526.46;129390.19;775185.58;388417.72;1344036.75;425902.02;3104820.69
A_0304;A;0304;CABECEIRAS DE BASTO;12968579.78;8789942.19;5123606.17;3251168.03;153402.66;261765.33;195396.56;317544.03;425578.72;1109484.69;739354.89;1391278.7
A_1104;A;1104;CADAVAL;10039900.72;8300526.65;3692212.53;4014163.05;46408.71;547742.36;2000;626768.27;30641.83;494182.81;222793.59;362987.57
A_1006;A;1006;CALDAS DA RAINHA;26879822.58;15791515.63;5264488.78;7614773.35;70677.69;2841575.81;2625000;822371.46;30053.39;2724973.96;3224459.33;1661448.81
A_3101;A;3101;CALHETA (MADEIRA);9082930.35;6170218.42;2401382.64;3102502.7;138089.11;528243.97;88105.78;68230.5;57203.95;1088381.78;319990.13;1290799.79
A_4501;A;4501;CALHETA (SÃO JORGE);4527821.97;2527505.76;1693438.29;599396.16;139588.08;95083.23;0;0;60182.91;903689.49;60801.54;975642.27
A_3102;A;3102;CÂMARA DE LOBOS;13631306.51;7262508.29;3813041.74;1947759.39;182854.54;1318852.62;155850.93;68171.25;551887.15;2495280.69;1412293.68;1685314.52
A_1602;A;1602;CAMINHA;17058558.14;13473934.5;5352178.9;7057772.17;136858.31;927125.12;0;159438.55;1237237.61;636911.43;438862.46;1112173.59
A_1204;A;1204;CAMPO MAIOR;12709560.65;7096901.24;3295698.47;2744406.22;125964.14;930832.41;949461.49;3665207.25;17569.98;530100.58;302295.21;148024.9
A_0602;A;0602;CANTANHEDE;19231242.67;12033003.71;4888801.73;4352418.75;333609.33;2458173.9;264602.54;1156273.31;9971.11;664840.12;755521.92;4347029.96
A_0403;A;0403;CARRAZEDA DE ANSIÃES;7200464.7;5136530.82;2523405.81;1407768.25;26094.26;1179262.5;32960.69;48566.22;11781.47;240394.19;687904.54;1042326.77
A_1802;A;1802;CARREGAL DO SAL;5774573.21;4669392.11;2063220.89;1887719.9;36066.62;682384.7;28867.56;22193.37;38285.61;317897.16;150278.89;547658.51
A_1406;A;1406;CARTAXO;25820754.17;16194205.67;6144150.9;6849659.08;509547.81;2690847.88;104583.66;1682679.33;304489.36;763364.72;2855743.56;3915687.87
A_1105;A;1105;CASCAIS;143460719.15;113427626.62;32494974.4;63928827.2;1263474.09;15740350.93;1661849.23;2323365.76;454900.05;5850076.43;3129478.88;16613422.18
A_1007;A;1007;CASTANHEIRA DE PÊRA;4654602.87;3054689.19;1371008.87;960946.66;380649.08;342084.58;0;41509.21;4318.93;31704.53;66128.33;1456252.68
A_0502;A;0502;CASTELO BRANCO;34618466.64;18116198.26;7049080.13;7773452.81;109795.7;3183869.62;1105365.5;4041644.6;317734.17;2231910.49;1634546.87;7171066.75
A_0106;A;0106;CASTELO DE PAIVA;9507470.64;7395932.21;3081419.66;3110088.35;326140.53;878283.67;85805.5;76788.99;78369.86;275235.85;312591.56;1282746.67
A_1205;A;1205;CASTELO DE VIDE;5915152.59;4157881.96;2381946.63;1412333.95;4460.2;359141.18;21108.19;995397.55;30116.62;304188.58;207745.74;198713.95
A_1803;A;1803;CASTRO DAIRE;13998815.07;10206070.68;3880874.54;4888873.25;24262.36;1412060.53;39174.36;148695.15;192326.4;2218327.25;557189.13;637032.1
A_0804;A;0804;CASTRO MARIM;12145184.17;8800499.61;2619290.92;5192742.09;88128.82;900337.78;568835.22;8546.13;171597.2;1564767.76;446994.8;583943.45
A_0206;A;0206;CASTRO VERDE;10842731.6;7720736.99;3641934.06;2648863.23;43049.18;1386890.52;7309.09;184302;176750.67;167488.34;1144080.12;1442064.39
A_0903;A;0903;CELORICO DA BEIRA;9218985.65;6272466.93;3210367.22;2263209.21;278117.37;520773.13;5000;204129.23;919.03;1036394.52;304343.48;1395732.46
A_0305;A;0305;CELORICO DE BASTO;13278221.24;10008328.04;4666070.6;4025419.8;516675.38;800162.26;111191.17;57184.8;0;284713.82;719673.62;2097129.79
A_1407;A;1407;CHAMUSCA;8475077.95;6128296.7;3100977.85;2139049.69;82706.11;805563.05;1980;55895.11;199959.7;552406.36;160983.59;1375556.49
A_1703;A;1703;CHAVES;51861254.42;32288867.31;9150227.19;19505143.96;1813530.37;1819965.79;1772.17;3768865.49;507662.31;3281864.5;7201965.02;4810257.62
A_1804;A;1804;CINFÃES;14296406.76;10127399.57;3831693.82;4151686.15;18999.37;2125020.23;85803.6;510629.81;387959.07;1139916.47;931535.35;1113162.89
A_0603;A;0603;COIMBRA;71173340.97;59937750.13;26111048.55;19851751.73;881409.39;13093540.46;889907.36;1482805.63;126802.06;1189706.48;2121439.87;5424929.44
A_0604;A;0604;CONDEIXA-A-NOVA;10963943.92;8294068.4;3463391.73;4102373.89;43984.17;684318.61;0;68995.94;210094.24;350351.35;915946.7;1124487.29
A_1408;A;1408;CONSTÂNCIA;5207011.27;4141682.65;2110977.82;1650109.77;61468.72;319126.34;21930.41;181306.46;31361.37;15271.9;67426.23;748032.25
A_1409;A;1409;CORUCHE;16421681.14;11135215.62;5764203.32;3736447.9;69027.71;1565536.69;105171.44;370950.1;20594.31;1914943.28;2084178.07;790628.32
A_4901;A;4901;CORVO;1776445.49;836556.53;493275.5;325368.17;6199.11;11713.75;32167.34;1180;102427.41;8971.24;665523.33;129619.64
A_0503;A;0503;COVILHÃ;24452404.28;14216571.41;5923417.16;5536328.09;557801.92;2199024.24;495275.6;712221.49;73109.86;2070541.24;1351949.91;5532734.77
A_1206;A;1206;CRATO;7005750.76;5124600.18;2259843.54;2309470.33;44286.74;510999.57;13225.13;138840.25;175273.47;212686.2;397256.48;943869.05
A_0207;A;0207;CUBA;4952975.45;3888611.7;2085792.89;1244311.7;23584.05;534923.06;475;12850.53;175978.07;173033.39;101461.93;600564.83
A_1207;A;1207;ELVAS;22829546.87;18828305.32;4743448.49;7612713.76;10372.41;6461770.66;558364.8;499271.15;12640.53;1676592.49;1013392.77;240979.81
A_1410;A;1410;ENTRONCAMENTO;15698662.63;10481882.16;5176435.04;4572739.14;276529.91;456178.07;12712.3;2083944.14;36721.61;90911.26;1930563.76;1061927.4
A_0107;A;0107;ESPINHO;30889936.54;19199169.23;9216737.15;7904394.85;378915.72;1699121.51;55902.31;4078232.81;212051.7;616104.5;3208384.97;3520091.02
A_0306;A;0306;ESPOSENDE;15993458.53;11746607.6;4178027.93;4952950.49;62851.8;2552777.38;37500;1488315.43;0;633943.27;259605.42;1827486.81
A_0108;A;0108;ESTARREJA;13376350.15;8820699.93;4382188.7;3347627;101900.16;988984.07;477041.87;357218.35;363500.15;1046442.02;500404.02;1811043.81
A_0704;A;0704;ESTREMOZ;11619024.71;9786940.71;3765021.92;4372344.73;233076.85;1416497.21;282343.07;22041.5;111621.46;290611.17;320916.34;804550.46
A_0705;A;0705;ÉVORA;52513858.9;40914908.63;18166397.8;18597761.74;2545263.41;1605485.68;405431.79;1736598.59;88183.29;1300334.39;590279.52;7478122.69
A_0307;A;0307;FAFE;29295744.92;18405965.32;7576950.39;7151645.5;126691.79;3550677.64;2963420.15;1390021.44;229487.77;1230589.49;1203658.11;3872602.64
A_0805;A;0805;FARO;58470535.3;38684922.86;13714459.13;16345803.41;2012497.69;6612162.63;2092375.44;3771470.32;123365.78;3233192.89;1657155.35;8908052.66
A_1303;A;1303;FELGUEIRAS;33524462.04;25435707.16;10463557.15;8594024.81;135216.81;6242908.39;574648.2;1132480.69;1862668.66;885694.28;1213648.19;2419614.86
A_0208;A;0208;FERREIRA DO ALENTEJO;9750279.78;7693860.09;4205202.52;2455504.82;101024.87;932127.88;3832;380827.17;56063.42;350828.09;359842.9;905026.11
A_1411;A;1411;FERREIRA DO ZÊZERE;7935660.92;6320972.99;2313721.83;3293661.67;113624.56;599964.93;0;215129.84;0;371273.09;337241.93;691043.07
A_0605;A;0605;FIGUEIRA DA FOZ;36610738.77;25479595.95;10139156.89;10318142.27;1826181.44;3196115.35;244006;1348304.09;151143.16;1332886.38;1561897.79;6492905.4
A_0904;A;0904;FIGUEIRA DE CASTELO RODRIGO;10253185.12;6265959.29;2455291.01;2718393.39;98628.32;993646.57;21867.53;197683.23;68674.88;2841.3;293814.23;3402344.66
A_1008;A;1008;FIGUEIRÓ DOS VINHOS;6967396.38;5208014.16;2803958.77;1813654.23;221387.59;369013.57;1266.27;54098.37;1066.03;79474.16;580866.49;1042610.9
A_0905;A;0905;FORNOS DE ALGODRES;5439093.52;4045675.38;1730586.76;1464867.71;760598.85;89622.06;627.3;7711.05;1599;59921.55;74006.06;1249553.18
A_0404;A;0404;FREIXO DE ESPADA À CINTA;9700455.65;6941301.01;2918827.34;2694583.41;931263.21;396627.05;114613.78;338703.47;0;142313.98;1000850.67;1162672.74
A_1208;A;1208;FRONTEIRA;5353373.85;3953685.61;1654836.16;1750838.77;28500.61;519510.07;0;46894.98;5925.29;625275.28;364505.41;357087.28
A_3103;A;3103;FUNCHAL;74125736.28;57791107.83;30407727.73;23147047.75;1003764.7;3232567.65;272849.2;1453271.73;1275140.9;2888749.99;1765298.63;8679318
A_0504;A;0504;FUNDÃO;25855512.71;15820651.03;5955174.74;6386711.68;2341948.21;1136816.4;144202.83;195391.44;304907.94;933141.8;2405374.13;6051843.54
A_1209;A;1209;GAVIÃO;6413072.29;4577219.37;2144416.51;1827040.18;16010.59;589752.09;176671.52;149737.75;119205.27;282514.93;725282.8;382440.65
A_0606;A;0606;GÓIS;6909623.83;5658462.88;2941923.35;1894268.24;35627.99;786643.3;690;36452.65;225901.72;275796.78;255846.26;456473.54
A_1412;A;1412;GOLEGÃ;5886696.99;4270714.19;2102646.64;1791784.41;31953.02;344330.12;100375.63;122821.92;29024.85;89570.06;706660.88;567529.46
A_1304;A;1304;GONDOMAR;63157167.69;47779218.25;22214722.9;19795448.23;389105.84;5379941.28;1072730.55;3099705.82;34474.46;4056099.75;2545671.52;4569267.34
A_0906;A;0906;GOUVEIA;12331975.87;7174175;3378319.71;2822405.29;87588.27;885861.73;153647.84;263775.54;57807.47;2265045.1;1004631.26;1412893.66
A_1505;A;1505;GRÂNDOLA;19264120.91;15324033.23;8549793.73;5199752.33;143262.46;1431224.71;83726.66;182958.91;94283.37;1323782.24;782806.9;1472529.6
A_0907;A;0907;GUARDA;28374878.59;19139988.91;9148013.99;7958066.31;877195.42;1156713.19;10975.94;719435.93;107068.48;2997121.12;278810.92;5121477.29
A_0308;A;0308;GUIMARÃES;72794510.4;53537907.42;23350740.46;18508094.44;557921.74;11121150.78;977546.25;2906870.64;0;1902630.75;5074286.6;8395268.74
A_4701;A;4701;HORTA;11714361.74;6424592.81;3439481.85;2136230.94;68057.87;780822.15;0;7136.64;2413795.32;1402000.84;328535.46;1138300.67
A_0505;A;0505;IDANHA-A-NOVA;16486722.99;12013945.09;4379398.05;6335287.71;40807.91;1258451.42;131717.28;582257.53;121582.82;757909.71;1739703.85;1139606.71
A_0110;A;0110;ÍLHAVO;22908957.28;13365569.18;4989450.1;7427156.11;412839.7;536123.27;472565.28;302367.84;1872538.2;767524.56;2456975.84;3671416.38
A_0806;A;0806;LAGOA (ALGARVE);25366308.61;21506192.92;6476431.17;12066052.83;285962.63;2677746.29;0;185208.45;335201.15;207953.71;1613583.57;1518168.81
A_4201;A;4201;LAGOA (SÃO MIGUEL);9558037.67;6652838.57;2706829.63;2830976.59;81444.33;1033588.02;0;35922.54;59438.75;862393.19;575423.26;1372021.36
A_0807;A;0807;LAGOS;41553897.22;35317224.03;11761726.22;17811451.78;1080178.95;4663867.08;837033.99;676942.86;579863.25;444235.83;567381.9;3131215.36
A_4801;A;4801;LAJES DAS FLORES;4991106.64;1665843.18;1102795.05;444311.16;12990.01;105746.96;66000;94493.92;138204.7;1856673.76;611649.1;558241.98
A_4601;A;4601;LAJES DO PICO;7030978.15;3079026.78;1729302.83;935728.17;159141.75;254854.03;12000;495674.56;286093.62;1566008.85;189328.78;1402845.56
A_1805;A;1805;LAMEGO;21608197.79;13344228.56;4602505.83;5867586.61;687147.42;2186988.7;9000;1491720.87;296575.16;1962637.51;241757.13;4262278.56
A_1009;A;1009;LEIRIA;57243921.93;36975448;12320471.2;14605738.66;1274776.5;8774461.64;16536;2671021.51;300799.28;2533764.1;4100576.76;10645776.28
A_1106;A;1106;LISBOA;640000249.03;441940695.43;216512163.43;132540525.34;7260017.5;85627989.16;11384284.67;9388069.8;4096554.46;10909192.09;32993013.17;129288439.41
A_0808;A;0808;LOULÉ;92128838.58;57787460.46;25771145.76;26582007.28;589169.64;4845137.78;691747.4;3828959.78;2943775.53;4749489.73;3279760.41;18847684.63
A_1107;A;1107;LOURES;102581277.53;84066571.6;38008150.63;32103516.23;1128635.25;12826269.49;454188.82;3182033.59;307723.99;476128.55;709524.42;13385106.56
A_1108;A;1108;LOURINHÃ;19373485.65;14438381.81;5794903.78;6416295.07;266092.34;1961090.62;444236.96;1458311.25;170130.51;290656.66;386403.8;2185364.66
A_0607;A;0607;LOUSÃ;13492400.19;10006886.24;4254744.48;4915091.77;91269;745780.99;61565.19;671073.56;472838.66;637623.9;996518.31;645894.33
A_1305;A;1305;LOUSADA;25083523.23;19295469.06;9759379.25;6996383.85;189946.3;2349759.66;50000;1847747.96;758643.45;391827.98;341342.88;2398491.9
A_1413;A;1413;MAÇÃO;8566510.53;6977201.33;3163272.06;3173417.85;30048.45;610462.97;0;244568.26;105251.68;765743.43;196648.95;277096.88
A_0405;A;0405;MACEDO DE CAVALEIROS;15913877.63;12086137.28;4638503.88;6325027.27;61315.38;1061290.75;190714.5;0;39535.4;1036602.91;338897.36;2221990.18
A_3104;A;3104;MACHICO;16264420.38;13314434.08;3463405.26;8050209.77;610092.29;1190726.76;9500;0;33872.8;1277619.47;101382.66;1527611.37
A_4602;A;4602;MADALENA;7190816.43;3809692.5;2267299.53;1126940.31;22301.44;393151.22;0;222139.67;103423.58;2241998.16;207786.75;605775.77
A_1109;A;1109;MAFRA;52140608.92;39957337.91;13929910.11;21843671.77;112750.89;4071005.14;78428;188490.04;686942.34;5084495.88;2256141.38;3888773.37
A_1306;A;1306;MAIA;59462431.7;39706547.35;18567367.45;15434195.89;1723483.57;3981500.44;237729.23;3310949.89;4738597.12;1537521.36;1031912.79;8899173.96
A_1806;A;1806;MANGUALDE;16133336.28;9989426.22;4592825.23;4435727.71;401184.75;559688.53;15536.46;1106706.35;732153.95;1706892.62;568375.13;2014245.55
A_0908;A;0908;MANTEIGAS;5118927.47;3457309.92;1300144.92;1380262.55;24938.18;751964.27;10247.92;0;131544.49;122410.86;797133.54;600280.74
A_1307;A;1307;MARCO DE CANAVESES;25264409.78;17475330.16;6875721.53;7498395.78;457410.02;2643802.83;32296.87;318478.2;524155.14;454997.81;564060.3;5895091.3
A_1010;A;1010;MARINHA GRANDE;19965620.76;15641811.17;5403826.48;7784015.37;21997.88;2431971.44;58158.19;678953.67;599546.06;705187.13;1480038.36;801926.18
A_1210;A;1210;MARVÃO;5108975.83;3442323.47;1736929.25;1314990.46;7237.32;383166.44;808643.91;18704.86;177894.45;144897.78;280210.15;236301.21
A_1308;A;1308;MATOSINHOS;88661753.73;68457715.38;29702027.6;25465524.66;706241.51;12583921.61;4384128.02;3853050.89;632314.7;1623537.48;2511746.35;7199260.91
A_0111;A;0111;MEALHADA;16171014.93;8808666.74;4523811.59;3680237.91;0;604617.24;338138.35;2761281.69;164037.91;1522370.31;433130.04;2143389.89
A_0909;A;0909;MEDA;7802518.5;6487092.04;3041528.33;2838401.08;275757.73;331404.9;83597.83;143603.48;199286.87;423133.31;112319.29;353485.68
A_1603;A;1603;MELGAÇO;11174603.95;7635704.25;4584277.87;2430238.89;175949.22;445238.27;16406.51;207386.28;681715.97;899062.11;202690.96;1531637.87
A_0209;A;0209;MÉRTOLA;13338302.24;9023273.26;4634782.56;3218786.66;41209.92;1128494.12;168717.35;77494.26;112755.78;1890881.73;739355.84;1325824.02
A_1704;A;1704;MESÃO FRIO;4989859.26;3377725.42;1999830.21;992940.96;210558.42;174395.83;26089.58;239886.01;8897.37;159252;156972.56;1021036.32
A_0608;A;0608;MIRA;10105386.22;7800425.09;3609526.91;3771562.97;15728.81;403606.4;0;176900.34;298253.52;242249.89;499762.59;1087794.79
A_0609;A;0609;MIRANDA DO CORVO;8320459.77;6467194.2;2919176.04;2923356.53;29116.73;595544.9;75119.67;5756.4;165692.11;196740.42;746374.08;663582.89
A_0406;A;0406;MIRANDA DO DOURO;10423396.76;7392096.98;3129185.83;3429586.79;254290.64;579033.72;6718.4;144855.59;173153.58;475656.08;1037529.46;1193386.67
A_0407;A;0407;MIRANDELA;21928407.93;15168166.19;6382566.56;6611142.66;925110.09;1249346.88;68995.35;2315620.03;227876.38;922775.92;1040326.62;2184647.44
A_0408;A;0408;MOGADOURO;12598096.19;8839692.22;2808426.4;4883520.87;28629.27;1119115.68;13845.92;172529.26;113524.52;161660.64;2141619.87;1155223.76
A_1807;A;1807;MOIMENTA DA BEIRA;11519075.28;7219105.26;3001476.55;3227692.04;271644.13;718292.54;301540.19;177167.91;170824.67;1135713.66;638140.03;1876583.56
A_1506;A;1506;MOITA;30284680.18;24497960.8;13950877.3;7039851.35;150702.43;3356529.72;17030.45;263438.86;539830.27;487107.36;1576319.68;2902992.76
A_1604;A;1604;MONÇÃO;14743681.03;9445338.55;4502906.61;3769116.32;140026.48;1033289.14;61774.46;334760.97;169150.69;616351.95;602092.7;3514211.71
A_0809;A;0809;MONCHIQUE;9640372.64;6355639.35;3575672.03;1855953.83;23100.76;900912.73;17000;26788.63;761164.53;422142.13;655907.85;1401730.15
A_1705;A;1705;MONDIM DE BASTO;7220717.9;5052382.57;2644867.64;1776262.67;272548.64;358703.62;72560.05;320837.03;27707.08;91328.12;154114.54;1501788.51
A_1211;A;1211;MONFORTE;5303637.74;4149546.79;2490409.14;1129043.31;57772.08;472322.26;0;132980.33;91.94;72113.32;88807;860098.36
A_1706;A;1706;MONTALEGRE;17123667.02;10629507.83;4230926.32;4017481.85;25451.54;2355648.12;385411.94;883437.85;799378.91;2325498.5;821814.24;1278617.75
A_0706;A;0706;MONTEMOR-O-NOVO;16715338.47;13087759.73;6612634.13;4797112.99;113724.39;1564288.22;36513.38;767259.94;238095.74;419137.7;851530.94;1315041.04
A_0610;A;0610;MONTEMOR-O-VELHO;14600077.59;10454671.92;4083825.15;5095814.15;598500.81;676531.81;0;176927.44;732597.85;611942.63;1180505.36;1443432.39
A_1507;A;1507;MONTIJO;24359531.69;21656751.94;12845214.67;6225981.97;129517.66;2456037.64;103122.68;584274.44;71970.06;275696.5;352037.39;1315678.68
A_0707;A;0707;MORA;5633073.79;4452180.71;2348380.59;1330078.37;21596.45;752125.3;7075.77;44530.16;81157.88;363193.84;295040.52;389894.91
A_1808;A;1808;MORTÁGUA;8250800.43;5881211.39;2540716.57;1873344.55;39495.5;1427654.77;82416.42;66026.11;247029.19;920340.5;301042.98;752733.84
A_0210;A;0210;MOURA;14683245.59;10584420.59;6075346.32;3421205.15;110020.09;977849.03;92088;132082.45;320536.93;935188.19;917775.35;1701154.08
A_0708;A;0708;MOURÃO;5016501.1;4589104.72;3028574.39;1080075.38;210605.53;269849.42;3369.65;0;23196.54;14747.35;70599.89;315482.95
A_1707;A;1707;MURÇA;6564557.38;4776440.47;2360698.61;1890080.47;242456.91;283204.48;0;35841.64;11124.15;291248.36;91816.92;1358085.84
A_0112;A;0112;MURTOSA;6770450.33;3984159.47;1734599.86;1746065.69;9088.28;494405.64;554647.02;146618.26;66308.62;697106.33;1065725.95;255884.68
A_1011;A;1011;NAZARÉ;11532175.97;8741551.02;2960675.14;3351729.05;954601.31;1474545.52;544.83;50020.92;32743.63;58148.91;851305.86;1797860.8
A_1809;A;1809;NELAS;8926564.48;6993934.24;3083930.57;2442844.15;596493.63;870665.89;69085.6;27057.8;65959.67;400776.2;187950.74;1181800.23
A_1212;A;1212;NISA;11405656.63;7043681.95;3993109.12;2216025.77;57665.12;776881.94;397.3;2334160.23;936.25;53049.96;246795.64;1726635.3
A_4202;A;4202;NORDESTE;6928265.61;3609450.18;1505856.15;787776.66;630656.79;685160.58;74968.5;116637.74;85311.96;957909.94;81979.22;2002008.07
A_1012;A;1012;ÓBIDOS;19011752.63;12287864.55;4875956.45;5412817.39;287218.95;1711871.76;335796.81;3649721.38;81799.81;203292.34;774232.3;1679045.44
A_0211;A;0211;ODEMIRA;24943923.57;18980067.74;8046450.04;7064287.09;77941.09;3791389.52;100425;606804.4;208600.45;574956.95;2116621.38;2356447.65
A_1116;A;1116;ODIVELAS;64417081.82;53053916.25;22733103.96;23897825.83;606249.16;5816737.3;4649.75;642818.13;94478.58;791014.47;438396.76;9391807.88
A_1110;A;1110;OEIRAS;108812708;76440474.32;33125802.39;29998859.3;2445694.55;10870118.08;6685101.94;8151368.53;5077078.94;2542440.21;5730912.68;4185331.38
A_0506;A;0506;OLEIROS;8689087.5;5585228.34;2138504.13;2585989.59;30331.07;830403.55;1920;311824.81;53165.12;1310113.06;680704.63;746131.54
A_0810;A;0810;OLHÃO;22898255.34;18963850.79;8197154.95;5523460.58;361546.23;4881689.03;11186;95024.95;251072.84;29621.28;853589.21;2693910.27
A_0113;A;0113;OLIVEIRA DE AZEMÉIS;34867103.5;21923944.97;9835467.31;8432895.54;425560.74;3230021.38;1484059.36;1890593.13;1127978.24;1754391.66;248800.27;6437335.87
A_1810;A;1810;OLIVEIRA DE FRADES;11902053.08;5449039.08;2735117.68;2281031.16;81944.16;350946.08;0;1835757.65;1224577.88;1089705.52;952013.35;1350959.6
A_0114;A;0114;OLIVEIRA DO BAIRRO;17575893.55;9398067.02;4326124.93;3724828.35;140002.04;1207111.7;399220.6;3668026.8;115700.69;1917478.01;333151.23;1744249.2
A_0611;A;0611;OLIVEIRA DO HOSPITAL;13855271.95;10477425.67;3858385.79;4769642.25;57162.79;1792234.84;81352.57;482454.11;455970.43;659941.92;445194.84;1252932.41
A_1421;A;1421;OURÉM;30855590.13;21227201.28;6569236.03;11383378.77;401983.33;2872603.15;266764.77;1126126.74;98185.09;401828.97;945426.96;6790056.32
A_0212;A;0212;OURIQUE;9814566.19;6500035.52;3954630.29;1538356.56;89931.07;917117.6;20268.61;89483.34;44671.24;918108.01;379552.39;1862447.08
A_0115;A;0115;OVAR;25322737.73;18342515.64;7310341.71;7681570.81;131143.6;3219459.52;852382.7;394289.34;41735.67;2153226.93;1404573.54;2134013.91
A_1309;A;1309;PAÇOS DE FERREIRA;23036540.95;16873706.76;6916059.35;6978075.81;982435.42;1997136.18;61297.57;1717683.11;18897.35;1172000.89;896126.49;2296828.78
A_1508;A;1508;PALMELA;38207348.1;33829720.23;17606603.76;13219782.11;478674.15;2524660.21;202970;704278.52;101998.21;922400.1;341088.15;2104892.89
A_0612;A;0612;PAMPILHOSA DA SERRA;10041775.93;7635753.76;2467325.25;3667577.51;1422.93;1499428.07;80105;323615.55;127027.53;757095.07;762290.5;355888.52
A_1310;A;1310;PAREDES;42974068.4;29471255.51;13534117.16;11890153.41;840471.77;3206513.17;136939.15;3637604.07;132530.82;3559568.81;1241958.7;4794211.34
A_1605;A;1605;PAREDES DE COURA;10974018.27;6644771.03;2903982.57;2735159;420979.1;584650.36;0;510911.44;1545471.2;425352.76;141211.06;1706300.78
A_1013;A;1013;PEDRÓGÃO GRANDE;5927543.66;4462771.7;1433592.25;1871427.24;570045.65;587706.56;17250;214608.19;72423.9;306802.12;410614.23;443073.52
A_0613;A;0613;PENACOVA;11865654.09;7333751.36;2613649.08;3643701.05;36203.09;1040198.14;28960.74;864909.24;255568.9;1749438.57;721040.62;911984.66
A_1311;A;1311;PENAFIEL;36608464.45;22550968.29;11104610.02;8298689.73;267001.58;2880666.96;197668.74;4880018.69;1059821.77;3640876.89;1700973.04;2578137.03
A_1811;A;1811;PENALVA DO CASTELO;7726940.58;4900239.58;2250644.36;2032761.15;15696.15;601137.92;53443.12;124359.7;130249.5;1247374.37;542387.26;728887.05
A_0507;A;0507;PENAMACOR;8566190.53;4970191.12;2041740.51;2492522.19;56911.28;379017.14;0;1055841.37;544360.52;303609.72;1045410.62;646777.18
A_1812;A;1812;PENEDONO;6303731.14;3993524.41;1669856.52;1806278.12;0;517389.77;245280.15;220678.99;468494.57;174654.53;997455.87;203642.62
A_0614;A;0614;PENELA;6255825.3;4699641.32;1921622.12;1889586.79;171171.81;717260.6;5130.99;227844.85;34537.62;422518.62;161853.95;704297.95
A_1014;A;1014;PENICHE;15243778.25;13179157.16;6017589.24;5494138.63;115991.64;1551437.65;62382.54;356337.68;13377.88;180546.87;504156.5;947819.62
A_1708;A;1708;PESO DA RÉGUA;15879007.52;9780708.6;4405676.24;4018287.51;384733.75;972011.1;22622.15;2763664.62;246724.26;839542.68;810183.7;1415561.51
A_0910;A;0910;PINHEL;10235894.17;7299518.31;3151436.61;3309048.3;156281.21;682752.19;0;717538.37;101033.85;533553.23;196261.1;1387989.31
A_1015;A;1015;POMBAL;41793896.7;19458176.55;7157915.2;8496997.65;79516;3723747.7;152846.66;2864805.94;9098477.04;3564825.07;3911389.32;2743376.12
A_4203;A;4203;PONTA DELGADA;34015523.36;23706415.72;11843870.82;7694983.58;311053.14;3856508.18;159046.11;3289448.89;752725.22;348560.46;2275842.71;3483484.25
A_3105;A;3105;PONTA DO SOL;4919249.05;3791392.53;1524455.67;1822518.47;10218.11;434200.28;16812.76;70580.16;52120.37;344825.87;69911.57;573605.79
A_1606;A;1606;PONTE DA BARCA;12356572.91;7903407.7;4038596.57;2769084.56;112950.18;982776.39;189287.5;956472.58;95479.29;473691.09;658834.7;2079400.05
A_1607;A;1607;PONTE DE LIMA;23848680.42;18546630.1;7775535.4;7269518.08;6477.93;3495098.69;119260.47;1070389.98;265014.2;240416.33;2086814.16;1520155.18
A_1213;A;1213;PONTE DE SOR;16834109.38;11170347.85;4731167.18;3942844.85;3216.25;2493119.57;284163.73;149110.99;1259790.39;1114140.28;2272443.86;584112.28
A_1214;A;1214;PORTALEGRE;17113501.72;10884258.65;6107774.38;4201909.23;281544.17;293030.87;239949;1123881.56;107623.37;342255.98;686277.76;3729255.4
A_0709;A;0709;PORTEL;8479164.23;7385607.88;3561274.48;2732243.9;39244.49;1052845.01;10853.75;433950.41;95461.41;107087.8;107629.35;338573.63
A_0811;A;0811;PORTIMÃO;44867790.18;33858760.15;14009673.3;6451206.3;4399457.19;8998423.36;281287.4;1118065.52;5251.83;811279.96;1437519.98;7355625.34
A_1312;A;1312;PORTO;154654855.14;120928827.2;56303553.2;46679683.3;2722486.21;15223104.49;2846411.87;2749148.89;610607.55;4495652.53;2430719.58;20593487.52
A_1016;A;1016;PORTO DE MÓS;15574807.45;11555650.75;4610720.29;6036860.3;34459.42;873610.74;271119.57;362019.16;589678.91;1267646.79;658665.57;870026.7
A_3106;A;3106;PORTO MONIZ;3800324.55;3066998.92;1255543.2;1334882.03;50940.98;425632.71;0;2788.92;53394.14;195735.03;150425.84;330981.7
A_3201;A;3201;PORTO SANTO;3699142.65;3287860.55;2122847.69;893387.33;55067.84;216557.69;5164.75;0;1767.42;0;11948.48;392401.45
A_0309;A;0309;PÓVOA DE LANHOSO;13572210.77;9361230.58;3994259.27;3830473.67;201634.15;1334863.49;76000;509298.18;98896.29;721517.82;696383.12;2108884.78
A_1313;A;1313;PÓVOA DE VARZIM;40017777.28;27961839.9;12147203.01;13382694.4;254142.52;2177799.97;659184.16;4619969.09;279702.57;1681679.84;1050052.61;3765349.11
A_4204;A;4204;POVOAÇÃO;6767580.27;3441459.97;2753578.85;480870.11;48754.33;158256.68;54.19;134166.16;174296.57;16388.27;1246912.56;1754302.55
A_4302;A;4302;PRAIA DA VITÓRIA;11004323.75;6150692.03;3431653.52;1331562.21;299073.01;1088403.29;349608.17;133950.99;1699.15;255106.31;432451.93;3680815.17
A_0508;A;0508;PROENÇA-A-NOVA;9027246.07;6675671.21;2671248.78;3101385.11;18183.02;884854.3;15657.41;225925.71;347795.51;157918.75;1102197.36;502080.12
A_0710;A;0710;REDONDO;8326809.63;7162329.71;4030275.11;2318308.97;2244.97;811500.66;25422.65;84375.43;62205.05;458572.34;427246.68;106657.77
A_0711;A;0711;REGUENGOS DE MONSARAZ;13594287.4;10038929.71;4488718.32;3899144.28;253134.3;1397932.81;2504.2;126697.58;173173.84;1605344.6;674970.49;972666.98
A_1813;A;1813;RESENDE;9733499.56;7817510.97;4304553.47;2701896.77;153195.9;657864.83;0;322841.78;131195.01;186843.45;425192.59;849915.76
A_3107;A;3107;RIBEIRA BRAVA;8329661.7;4446623.76;1591993.61;1004122.26;1176059.61;674448.28;0;0;0;2033444.91;401501.34;1448091.69
A_1709;A;1709;RIBEIRA DE PENA;13270886.49;8722640.11;3454321.05;2932552.42;120495.24;2215271.4;131046.96;478950.75;1078409.64;1086934.22;932558.7;840346.11
A_4205;A;4205;RIBEIRA GRANDE;16512609.4;8324363.88;4885592.83;2809837.58;188109.6;440823.87;81794.73;539288.31;746360.21;1484077.14;2506708.31;2830016.82
A_1414;A;1414;RIO MAIOR;19048336.22;12031094.9;5496430.37;4929818.98;192767.29;1412078.26;11437.4;1179183.14;300694.41;1798872.6;427518.66;3299535.11
A_1710;A;1710;SABROSA;7215804.35;5137881.01;2746707.85;2060619.42;20696;309857.74;23388.3;32540.98;181218.21;681034.27;440568.99;719172.59
A_0911;A;0911;SABUGAL;13212265.17;10399712.11;3619839.88;4397731.65;38814.84;2343325.74;27325.44;347884.39;328858.12;846319.73;593345.95;668819.43
A_1415;A;1415;SALVATERRA DE MAGOS;12607065.16;8413835.12;3804343.35;3298353.6;47907.64;1263230.53;275000;2111149.67;47111.05;701617.85;536929.6;521421.87
A_1814;A;1814;SANTA COMBA DÃO;7309316.22;5799542.15;2470269.77;2753510.93;321835.07;253926.38;2113.66;22102.89;55716.95;224388.33;115659.62;1089792.62
A_3108;A;3108;SANTA CRUZ;32234659.05;23204803.84;6514846.65;13400328.5;2952563.53;337065.16;0;198332.6;1053197.35;4841434.36;514351.16;2422539.74
A_4401;A;4401;SANTA CRUZ DA GRACIOSA;4483071.13;2570688.58;1160977.04;792821.95;43649.02;573240.57;149970.14;112224.17;69446.89;1061172.41;258304.05;261264.89
A_4802;A;4802;SANTA CRUZ DAS FLORES;4188648.36;1690562.01;1010373.21;522448.49;6904.77;150835.54;141261.28;1985968.87;10620;41600.2;44898.68;273737.32
A_0109;A;0109;SANTA MARIA DA FEIRA;57422775.55;37232663.94;13831434.41;17205445.1;1433499.17;4762285.26;717256.37;5826325.07;3515587.61;1313617.08;2639073.24;6178252.24
A_1711;A;1711;SANTA MARTA DE PENAGUIÃO;6404621.64;4839103.06;2022436.12;2345282.7;33748.3;437635.94;94981;512329.58;21614.04;189275.04;163761.13;583557.79
A_3109;A;3109;SANTANA;6395436.12;4224198.21;1431385.05;1559761.92;577450.57;655600.67;0;0;0;817551.08;0;1353686.83
A_1416;A;1416;SANTARÉM;47226144.64;34995507.23;13938808.69;12162417.79;2860197.7;6034083.05;127512.59;1908963;68742.5;1809643.77;1391459.69;6924315.86
A_1509;A;1509;SANTIAGO DO CACÉM;23247512.02;19594694.43;9730390.17;8006645.95;155877.64;1701780.67;0;162153.97;236087.75;628496.68;544520.11;2081559.08
A_1314;A;1314;SANTO TIRSO;33692262.65;21878976.73;7960776.45;9461373.23;266850.52;4189976.53;5069.5;3689216.82;868742.08;1968020.15;1970450.12;3311787.25
A_0812;A;0812;SÃO BRÁS DE ALPORTEL;10402130.15;7947741.25;3865344.8;3427984.7;16522.94;637888.81;360774.22;83435.92;48045.81;1034586.28;505401.72;422144.95
A_0116;A;0116;SÃO JOÃO DA MADEIRA;16063848.63;10456804.48;4619676.03;4450419;115514.5;1271194.95;140629.83;724832.44;64484.38;342252.64;2811922.93;1522921.93
A_1815;A;1815;SÃO JOÃO DA PESQUEIRA;10508336.57;6093526.28;1690134.88;3765089.75;52250.22;586051.43;45000;20536.12;19226.1;553758.72;2249537.26;1526752.09
A_1816;A;1816;SÃO PEDRO DO SUL;16536710.83;10823003.13;6319476.81;3128630.28;285865.37;1089030.67;194913.42;1497844.33;110069.86;914126.19;857837.37;2138916.53
A_4603;A;4603;SÃO ROQUE DO PICO;4058980.03;2662740.2;1156061.5;868722.77;15312.03;622643.9;55.49;588.98;253902.72;53587.02;139383.43;948722.19
A_3110;A;3110;SÃO VICENTE;5314665.18;3274602.28;1287078.47;1436052.19;48311.35;503160.27;2400;19812.22;226689.97;570338.98;598621.71;622200.02
A_1417;A;1417;SARDOAL;5745708.59;4750965.43;2762363.12;1517522.2;52090.61;418989.5;183.89;29925.72;16401.53;25032.26;256590.7;666609.06
A_1817;A;1817;SÁTÃO;9592014.64;6014122.77;2966610.16;2459377.55;11212.41;576922.65;0;252983.23;836012.23;638445.27;1024279.08;826172.06
A_0912;A;0912;SEIA;21035263.49;16463651.06;5091082.68;7668278.33;2751125.58;953164.47;51457.44;104146.62;167661.04;246003.96;909396.2;3092947.17
A_1510;A;1510;SEIXAL;108617094.62;71400107.06;32811186.22;33322493.74;3517889.39;1748537.71;135715.71;2379733.28;1084531.66;1398960.07;7155507.93;25062538.91
A_1818;A;1818;SERNANCELHE;7267931.5;5196207.06;1727674.24;3112621.31;15643.14;340268.37;0;101370.81;104770.16;634633.97;829024.94;401924.56
A_0213;A;0213;SERPA;12916616.19;10189616.39;5766849.73;3284445.91;168234.16;970086.59;78988.01;655562.26;156918.52;203592.89;783257.97;848680.15
A_0509;A;0509;SERTÃ;12838463.9;9581019.82;3768608.9;4568470.32;108292.76;1135647.84;306;103900.32;1127161.08;605414.83;297808.24;1122853.61
A_1511;A;1511;SESIMBRA;42964916.35;31117329.92;17414284.9;10639481.48;817913.51;2245650.03;74966.94;689131.48;3814793.03;366225.3;2086311.57;4816158.11
A_1512;A;1512;SETÚBAL;65613319.76;53589296.88;24222935.86;21944676.18;1895453.78;5526231.06;148615.43;1824998.98;1370151.91;1334974.68;2470296.14;4874985.74
A_0117;A;0117;SEVER DO VOUGA;7315382.33;4957220.01;2018710.28;1754540.97;70968.43;1113000.33;66367.21;107920.6;81374.05;639869.3;417465.49;1045165.67
A_0813;A;0813;SILVES;29573983.35;23789487.42;11058613.68;10394889.82;567502.04;1768481.88;18391.15;19113.21;1394117.02;404828.39;837994.38;3110051.78
A_1513;A;1513;SINES;17321709.33;12882703.46;7818280.72;3419306.83;201429.31;1443686.6;10059.22;202718.3;27986.18;1139550.47;405230.42;2653461.28
A_1111;A;1111;SINTRA;122911236.4;105342726.58;45871473.7;33719887.57;1553596.75;24197768.56;268810.36;2490734.17;0;1052537.83;347843.35;13408584.11
A_1112;A;1112;SOBRAL DE MONTE AGRAÇO;7255390.5;6265848.1;2867820.85;2784877.25;92487.9;520662.1;0;64803.27;3234.62;173470.18;212204.2;535830.13
A_0615;A;0615;SOURE;12683186.96;9018701.3;4257423.84;3590452.97;123934.59;1046889.9;44083.13;137820.82;299486.33;1137316.69;509297.51;1536481.18
A_1215;A;1215;SOUSEL;9355489.98;4690249.45;2425904.58;1427621.76;64113.42;772609.69;1595.94;3302197.15;41399.36;89546.99;683332.79;547168.3
A_0616;A;0616;TÁBUA;10218850.61;7595033.69;3373033.29;3042654.8;212652.16;966693.44;3489.97;31352.82;397378.77;385288.52;788778.4;1017528.44
A_1819;A;1819;TABUAÇO;7936395.44;4907690.36;2143316.58;2315845.59;168505.21;280022.98;1800;260091.39;1105630.26;297356.03;229631.26;1134196.14
A_1820;A;1820;TAROUCA;8821708.88;6653951.78;4059843.67;1955647.92;272427.37;366032.82;8226.57;165656.25;48882.68;131062.65;452441.32;1361487.63
A_0814;A;0814;TAVIRA;22688161.59;16899709.7;8722556.75;4919586.15;158843.48;3098723.32;18221.82;182664.64;324794.92;297671.43;844431.07;4120668.01
A_0310;A;0310;TERRAS DE BOURO;9257317.54;7093326.58;3976097.91;2254288.05;26135;836805.62;0;366340.65;235880.91;767531.31;285224.66;509013.43
A_1418;A;1418;TOMAR;23348650.96;16375638.98;8990663.4;5261952.4;191304.79;1931718.39;101073.27;501975.65;66433.55;611657.88;2892183.7;2799687.93
A_1821;A;1821;TONDELA;21582502.18;12956081.03;4665399.56;5085733.85;68886.36;3136061.26;111261.25;729297.48;1340127.41;3092118.9;1131362.51;2222253.6
A_0409;A;0409;TORRE DE MONCORVO;11816528.64;7213516.6;2923999.88;2968819.59;546578.91;774118.22;21048.4;256461.91;279235.37;478490.4;635900.87;2931875.09
A_1419;A;1419;TORRES NOVAS;24441808.33;18111928.41;7847634.98;7390384.66;927590.34;1946318.43;55.03;1266193.8;98612.96;695609.84;884547.41;3384860.88
A_1113;A;1113;TORRES VEDRAS;41464071.74;32484095.01;11593070.59;12188167.11;435136.1;8267721.21;626716.81;393958.23;3333.71;79290.26;2409119.85;5467557.87
A_0913;A;0913;TRANCOSO;10253223.24;6996569.08;2719057.92;2150295.28;447862.65;1679353.23;0;328715.99;261985.98;809195.17;623311.59;1233445.43
A_1318;A;1318;TROFA;31049724.85;23142022.18;5946648.26;5218707.75;2883517.42;9093148.75;218003.64;1179790.51;1026415.55;1261537.75;1508311.89;2714093.33
A_0118;A;0118;VAGOS;12942283.1;8219507.8;3375088.07;3308621.51;335281.2;1200517.02;185000;1307905.47;45506.06;343824.68;702066.4;2138472.69
A_0119;A;0119;VALE DE CAMBRA;14812175.86;9135936.89;4025192.48;3388409.55;201203.23;1521131.63;405789.26;1061726.59;58180.79;1114216.34;566344.33;2469981.66
A_1608;A;1608;VALENÇA;14875136.15;10523313.72;5142254.35;3979781.27;111445.35;1289832.75;38906.65;2351015.1;8972.48;742549.29;599087.27;611291.64
A_1315;A;1315;VALONGO;30705937.35;24508396.35;11335793.3;9719655.48;761753.2;2691194.37;266665.26;532784.58;0;828948.68;298786.33;4270356.15
A_1712;A;1712;VALPAÇOS;15076407.25;10120741.57;4190389.73;4424292.18;452431.46;1053628.2;154519.78;378550.69;360484.76;1516154.96;1064070.28;1481885.21
A_4502;A;4502;VELAS;4439283.77;3012136.1;1581875.25;1132908.19;9331.03;288021.63;0;307020.08;402924.8;88356.51;52918.6;575927.68
A_0712;A;0712;VENDAS NOVAS;8008596.05;6504776.83;3738314.43;2019320.41;278339.44;468802.55;2000;57464.09;13322.95;84362.23;391339.45;955330.5
A_0713;A;0713;VIANA DO ALENTEJO;5972454.49;4843589.95;2315954.39;1873869.16;12580.56;641185.84;0;156571.1;84069.22;180452.81;232359.29;475412.12
A_1609;A;1609;VIANA DO CASTELO;48617065.78;29603357.29;15793296.69;9588171.89;323316.13;3898572.58;1384002.33;2911139.59;102217.34;1013010.92;3005724.14;10597614.17
A_0214;A;0214;VIDIGUEIRA;7384567.6;5144120.6;3273764.61;1363918.85;38446.27;467990.87;0;897080.94;36646.2;2165.69;349074.04;955480.13
A_0311;A;0311;VIEIRA DO MINHO;13189808.26;7650999.29;2860121.45;3223250.4;242904.8;1324722.64;39076.74;2425857.08;0;724204.23;387643.96;1962026.96
A_0510;A;0510;VILA DE REI;4710061.9;3796367.72;1995522.99;1422568.08;33329.74;344946.91;1088.62;70237.22;145275.96;42113.81;378160.5;276818.07
A_0815;A;0815;VILA DO BISPO;12170825.22;9073329.28;3785317.19;3943070.18;322042.91;1022899;551914.61;1436607.49;193782.81;56208.19;580512.25;278470.59
A_1316;A;1316;VILA DO CONDE;42721431.47;33248690.61;15614975.78;12066646.79;2232814.21;3334253.83;305138.68;2394488.83;88451.72;1478827.75;279499.07;4926334.81
A_4101;A;4101;VILA DO PORTO;5585593.79;3520475.33;1782400.93;1345621.03;5944.26;386509.11;46250;20019.13;49978.69;979314.77;396336.44;573219.43
A_0410;A;0410;VILA FLOR;7610318.16;6276552.1;2727219.19;2349374.85;18378.39;1181579.67;4194.39;315062.15;122595.45;285021.01;153827.8;453065.26
A_1114;A;1114;VILA FRANCA DE XIRA;59116730.66;41875875.22;16306625.41;18433819.68;262574.43;6872855.7;180070.72;2206597.64;720307.02;1482216.81;9150551.59;3501111.66
A_4206;A;4206;VILA FRANCA DO CAMPO;9052674.4;5900933.91;2433199.49;1559461.44;1087295.68;820977.3;196500;368611.99;263381.94;480854.26;507073.43;1335318.87
A_1420;A;1420;VILA NOVA DA BARQUINHA;7937937.65;5578622.23;2964764.44;2150349.99;80439.8;383068;4110;811609.31;10751.56;51586.16;534011.19;947247.2
A_1610;A;1610;VILA NOVA DE CERVEIRA;11154782.73;7536070.71;3708671.48;3125250.13;72572.19;629576.91;66542.62;437391.53;558365.86;431234.78;722847.59;1402329.64
A_0312;A;0312;VILA NOVA DE FAMALICÃO;68684935;45319359.3;18039739.09;23005147.29;472774.87;3801698.05;328431.96;2661956.13;1559205.53;6532780.73;623212.34;11659989.01
A_0914;A;0914;VILA NOVA DE FOZ CÔA;10366530.98;8144730.6;2824622.03;3641793.31;80268.68;1598046.58;0;428728.48;43981.08;930942.06;249781.07;568367.69
A_1317;A;1317;VILA NOVA DE GAIA;130861595.6;82842120.25;34354473.74;33891438.07;4394450.05;10201758.39;2098160.09;6588736.06;8641.65;4454836.75;3385498.74;31483602.06
A_1822;A;1822;VILA NOVA DE PAIVA;6170741.77;4313896.19;2274145.57;1649388.66;73852.24;316509.72;40390.32;309565.77;166051.14;506608.51;180004.01;654225.83
A_0617;A;0617;VILA NOVA DE POIARES;6705962.01;5109419.62;2298024.45;1695492.29;858963.34;256939.54;138650.25;97945.36;12543.5;61796.16;55607.13;1229999.99
A_1713;A;1713;VILA POUCA DE AGUIAR;22134564.5;11646689.84;4599417.8;4780958.52;93118.64;2173194.88;423736.86;2194786.68;963648.25;914910.73;5283664.4;707127.74
A_1714;A;1714;VILA REAL;25396814.65;17673700.58;7106534.88;6672377.42;146396.92;3748391.36;658417.98;679843.41;0;1149379.78;1717832.81;3517640.09
A_0816;A;0816;VILA REAL DE SANTO ANTÓNIO;77468550.94;48523302.6;7626750.07;22545788.73;3478128.98;14872634.82;1974614.33;4535606.44;1929189.34;4954655.15;3225178.07;12326005.01
A_0511;A;0511;VILA VELHA DE RÓDÃO;6698223.46;4787139.21;2482743.19;1646685.77;6633.73;651076.52;84250;277182.13;143339.65;415245.53;634606.06;356460.88
A_0313;A;0313;VILA VERDE;26653138;19007060.05;7470339.3;8625720.08;588520.56;2322480.11;52750;3054600.97;375159.8;330713.28;617823.04;3215030.86
A_0714;A;0714;VILA VIÇOSA;7124386.88;5571151.64;2865072.16;1946797.85;190208.71;569072.92;0;192249.4;55527.83;135963.41;336743.07;832751.53
A_0411;A;0411;VIMIOSO;8347942.02;5977068.26;2493172.75;2896926.76;35536.67;551432.08;15000;22601.67;2632.2;163769.01;1657706.34;509164.54
A_0412;A;0412;VINHAIS;11189934.75;8344904.19;3400651.63;3335739.54;38491.86;1570021.16;54630.98;137663.33;340960.95;477842.45;583723;1250209.85
A_1823;A;1823;VISEU;42452176.01;31840114.34;12022679.17;12381933.24;251696.63;7183805.3;613828.38;1713010.7;18582.32;446785.28;1206707.18;6613147.81
A_0314;A;0314;VIZELA;23347965.93;10363187.99;4415154.45;2781924.53;436196.09;2729912.92;50000;7120958;200694.51;3413384.7;747889.46;1451851.27
A_1824;A;1824;VOUZELA;8700987.62;5380440.05;2458339.12;1934636.31;89345.97;898118.65;1568.24;231023.31;3195.19;242026.99;1278368.79;1564365.05
