ldk;codigoperiodo;codigoine;dscautarquia;despesatotal;despesacorrente;despesacompessoal;despesaaquisicaobens;jurosencargos;transferenciascorrentes;investimentosoutrosinvestimentosbensdecapital;terrenoshabitacoes;edificios;infraestruturasbasicas;acessibilidades;outrosinvestimentosbensdecapital;transferenciasoutrasdespesascapital
A_1401;A;1401;ABRANTES;21878100.04;15709721.45;7110002.5;4831879.5;112063.79;3655775.66;3927510.1;670107.67;1986471.49;241851.46;326049.74;703029.74;2240868.49
A_0101;A;0101;ÁGUEDA;29560469.85;17557735.94;7619550.9;7063938.66;47981.12;2826265.26;9939533.18;1133785.69;4467093.52;561985.45;1115340.22;2661328.3;2063200.73
A_0901;A;0901;AGUIAR DA BEIRA;7938938.15;4748863.71;1933847.78;2243156.82;29803.99;542055.12;2736278.7;95194.25;45996.55;745192.79;1610176.48;239718.63;453795.74
A_0701;A;0701;ALANDROAL;9097885.58;6583395.7;3056689.57;2463892.21;393583.48;669230.44;1937604.7;0;54934.52;572321.06;871657.82;438691.3;576885.18
A_0102;A;0102;ALBERGARIA-A-VELHA;13715156.82;10148472.74;4010681.56;4978556.05;31468.74;1127766.39;2410570.83;465459.62;131554.77;0;880529.54;933026.9;1156113.25
A_0801;A;0801;ALBUFEIRA;59662599.56;49153157.52;19859464;23415486.54;268713.83;5609493.15;3593335.31;261995.91;246732.45;227034.05;1252393.71;1605179.19;6916106.73
A_1501;A;1501;ALCÁCER DO SAL;16255677.9;13752367.2;7183465;5022492.24;8590.72;1537819.24;2152917.65;30000;897450.26;158451.5;118078.76;948937.13;350393.05
A_1402;A;1402;ALCANENA;21999024.15;7633468.02;2984116.72;3409946.9;239454.99;999949.41;7729179.04;102899.78;174209.53;6418899.4;159322.05;873848.28;6636377.09
A_1001;A;1001;ALCOBAÇA;29894261.46;19197101.48;6564823.91;9787705.3;120111.04;2724461.23;4337528.96;38580.75;166969.88;146874.47;2416230.44;1568873.42;6359631.02
A_1502;A;1502;ALCOCHETE;14074225.15;12103671.66;6832560.6;4079703.79;69947.78;1121459.49;988294.65;0;45250.25;34837.1;190692.19;717515.11;982258.84
A_0802;A;0802;ALCOUTIM;7934234.29;5781769.65;2786791.99;1990306.51;23638.23;981032.92;1744099.11;237502.92;0;174053.09;328902.04;1003641.06;408365.53
A_1101;A;1101;ALENQUER;23198353.99;17936476.66;9422308.65;5680394.22;241101.14;2592672.65;3150115.7;1322073.99;461424.05;19366.07;1055895.2;291356.39;2111761.63
A_0401;A;0401;ALFÂNDEGA DA FÉ;20855507.06;6499730.13;2715424.26;2205923.41;790985.92;787396.54;1384485.23;25000;153862.48;82868.96;88057.69;1034696.1;12971291.7
A_1701;A;1701;ALIJÓ;13983696.26;8460996.75;2779246.42;4599548.44;846016.38;236185.51;2640465.76;30000;279141.3;235950.39;1245458.14;849915.93;2882233.75
A_0803;A;0803;ALJEZUR;9876827.13;7704620.55;3121481.65;3291516.13;38127.13;1253495.64;1126949.58;49938.99;21571.12;130047.92;304147.83;621243.72;1045257
A_0201;A;0201;ALJUSTREL;10352728.59;7479556.51;3463146.4;2898380.79;74665.09;1043364.23;1484617.77;0;16056.23;555297.74;178303.58;734960.22;1388554.31
A_1503;A;1503;ALMADA;82705206.22;61405331.22;29833060.78;22916313.24;345067.14;8310890.06;11905378.64;545690.13;932986.7;1632102.21;2248375.64;6546223.96;9394496.36
A_0902;A;0902;ALMEIDA;9219257.07;6599610.79;3054705.86;2511792.93;47378.96;985733.04;1691409.46;0;307458.49;83532.86;563088.48;737329.63;928236.82
A_1403;A;1403;ALMEIRIM;14533975.93;10688761.53;4585886.77;4367255.96;89722.9;1645895.9;2616860.62;474000;123571.73;205109.7;679567.59;1134611.6;1228353.78
A_0202;A;0202;ALMODÔVAR;11965800.69;8175517.71;3831089.97;3014418.66;23404.68;1306604.4;2680819.77;226055;485524.93;219134.83;617760.12;1132344.89;1109463.21
A_1404;A;1404;ALPIARÇA;5566905.37;4451801.48;2618219.26;1298258.18;162756.89;372567.15;65701.62;0;7276.68;0;30538.19;27886.75;1049402.27
A_1201;A;1201;ALTER DO CHÃO;5939501.63;4760140.15;2556935.11;1734728.48;19375.9;449100.66;872383.37;38922.05;18732.51;77752.03;67099.97;669876.81;306978.11
A_1002;A;1002;ALVAIÁZERE;10293578.63;4098581.49;1458588.45;2059390.06;167063.71;413539.27;5462800.96;50345.44;2478632.79;1879.97;1855306.29;1076636.47;732196.18
A_0203;A;0203;ALVITO;4029333.61;3484672.72;2035199.06;1009458.25;1822.31;438193.1;284053.77;0;8331.21;8149.58;184269.58;83303.4;260607.12
A_1115;A;1115;AMADORA;70301880.87;60322545.6;27249876.51;22845747.59;90787.06;10136134.44;4707960.61;762536.25;1415303.84;1063329.77;560551.05;906239.7;5271374.66
A_1301;A;1301;AMARANTE;27966576.45;20008282.89;8444622.74;8610164.01;155746.27;2797749.87;4290482.63;2553.73;1935208.34;66020.09;1400075.19;886625.28;3667810.93
A_0301;A;0301;AMARES;12069497.13;8571376.3;3660653.21;3578060.31;79668.6;1252994.18;1787985.57;30890.17;502806.52;195664.61;423195.95;635428.32;1710135.26
A_0103;A;0103;ANADIA;15886254.48;10418595.98;4140704.79;5065121.25;156013.92;1056756.02;3951811.95;16400;617417.03;726252.12;1268482.94;1323259.86;1515846.55
A_4301;A;4301;ANGRA DO HEROÍSMO;19301662.14;10414928.56;4701923.75;3457963;94638.05;2160403.76;5353614.62;521405.8;1076870.2;72336.19;2552813.57;1130188.86;3533118.96
A_1003;A;1003;ANSIÃO;10285734.92;6214938.72;2196597.2;3189846.89;261283.88;567210.75;1815919.55;28710;190042.99;81909.53;964151.23;551105.8;2254876.65
A_1601;A;1601;ARCOS DE VALDEVEZ;21885440.92;13526480.85;4951419.81;7043215.98;86952.33;1444892.73;5369535.26;552976.19;1087015.44;496188.5;1699780.27;1533574.86;2989424.81
A_0601;A;0601;ARGANIL;11087001.96;7571554.13;3224675.71;3162890.01;59393.09;1124595.32;1771871.47;12132.5;147366.92;178061.14;1106012.57;328298.34;1743576.36
A_1801;A;1801;ARMAMAR;8897503.56;5994872.83;3152687.46;2517484.29;206185.39;118515.69;1603841.32;101615;578158.83;4786.39;368103.74;551177.36;1298789.41
A_0104;A;0104;AROUCA;17060937.37;9853050.06;3402696.72;5127325.08;72266.53;1250761.73;5758545.09;326075.49;1102670.03;210054.25;1664685.75;2455059.57;1449342.22
A_0702;A;0702;ARRAIOLOS;7997050.94;6117826.36;2697964.88;2388834.02;47325.46;983702;743558.12;10339.67;144602.24;226340.65;0;362275.56;1135666.46
A_1202;A;1202;ARRONCHES;6669097.45;3558159.72;1766276.24;1252762.75;11751.41;527369.32;2775846.57;33096.02;1930526.44;27269.17;36272.58;748682.36;335091.16
A_1102;A;1102;ARRUDA DOS VINHOS;9675079.38;7914035.74;3597725.07;3669184.03;109701.56;537425.08;909004.53;37000;51162.07;69320.31;448348.64;303173.51;852039.11
A_0105;A;0105;AVEIRO;48268605.48;29935766.99;12899822.29;11810527;1213371.74;4012045.96;8752661.53;2235965.73;1754690.1;263055.92;645675.04;3853274.74;9580176.96
A_1203;A;1203;AVIS;7736762.55;6203024.74;3280682.43;2355749.2;91251.49;475341.62;969056.44;1768;24109.66;0;2592.23;940586.55;564681.37
A_1103;A;1103;AZAMBUJA;14364395;10992783.71;5502130.6;3156498.66;197843.47;2136310.98;1132723.83;0;95285.3;164370.22;204337.57;668730.74;2238887.46
A_1302;A;1302;BAIÃO;13019427.29;9957444.77;4752682.69;3900031.68;47699.93;1257030.47;1758333.02;0;162113.45;306333.03;813607.29;476279.25;1303649.5
A_0302;A;0302;BARCELOS;51733847.07;33964876.48;13691541.85;14564167.19;271799.67;5437367.77;5579771.45;116032.88;472752.37;580579.77;3192687.74;1217718.69;12189199.14
A_0204;A;0204;BARRANCOS;3593951.52;3119873.72;1846855.59;449943;20409.13;802666;77659.32;2744.95;12621.1;0;19233.83;43059.44;396418.48
A_1504;A;1504;BARREIRO;38130923.82;29927749.9;14239908.54;11600756.87;370339.68;3716744.81;4092006.62;94401.86;201678.59;830588.19;1142774.9;1822563.08;4111167.3
A_1004;A;1004;BATALHA;10829273.82;7791566.82;1987465.56;4733589.77;13602.46;1056909.03;2177518.23;5350;122798.13;774999.07;840987.07;433383.96;860188.77
A_0205;A;0205;BEJA;21566410.78;17802306.94;8064964.83;6732722.53;94819.53;2909800.05;1901272.57;22770.24;711196.14;12932.76;520024.15;634349.28;1862831.27
A_0501;A;0501;BELMONTE;7023217.29;4843416.81;1123876.66;3044909.15;37356.99;637274.01;1287712.8;129108.73;490931.64;67378.01;389123.49;211170.93;892087.68
A_1405;A;1405;BENAVENTE;15093204.9;12749951.73;5814464.73;4619392.15;7314.33;2308780.52;1117694.78;0;501335.39;78096.05;346563.05;191700.29;1225558.39
A_1005;A;1005;BOMBARRAL;9110919.72;7888497.27;3447306.7;3915883.03;158885.12;366422.42;761242.5;0;34132.52;129128.87;103159.64;494821.47;461179.95
A_0703;A;0703;BORBA;7184009.16;5755967.03;2987887.58;2223890.72;204185.25;340003.48;422732.09;18646.43;66319.45;98708.34;36538;202519.87;1005310.04
A_1702;A;1702;BOTICAS;7892553.53;5742889.85;2452364.88;2195971.11;9615.4;1084938.46;1418814.22;29716.65;254357.66;63957.14;642123.92;428658.85;730849.46
A_0303;A;0303;BRAGA;85429758.68;62248925.66;23723998.32;18815808.59;338447.65;19370671.1;7883077.95;0;3946449.24;14977.18;2113771.16;1807880.37;15297755.07
A_0402;A;0402;BRAGANÇA;28413444.6;19513607.58;6653559.82;11347881.59;161492.64;1350673.53;4899273.81;136325.38;994977.5;590157.85;1308555.07;1869258.01;4000563.21
A_0304;A;0304;CABECEIRAS DE BASTO;12864655.44;9494327.82;4561984.25;3910626.33;126788.35;894928.89;2307889.34;83829.7;208140.43;229087.73;1185060.99;601770.49;1062438.28
A_1104;A;1104;CADAVAL;9668102.24;7899521.08;3625387.61;3649477.81;32577.13;592078.53;1351650.91;0;691420.66;55194.23;372159.24;232876.78;416930.25
A_1006;A;1006;CALDAS DA RAINHA;24151502.82;15912391.36;5210215.62;7646229.9;95295.05;2960650.79;5063249.68;304099.26;1267242.39;9056.41;1523221.75;1959629.87;3175861.78
A_3101;A;3101;CALHETA (MADEIRA);9429702.41;5760612.17;2364750.88;2528987.8;103833.82;763039.67;1986899.04;0;57914.45;28555.44;1373789.19;526639.96;1682191.2
A_4501;A;4501;CALHETA (SÃO JORGE);4896568.71;2454679.64;1651450.89;625797.5;107268.04;70163.21;1276323.6;0;28848.49;16537.71;1113849.6;117087.8;1165565.47
A_3102;A;3102;CÂMARA DE LOBOS;13684333.97;6672768.22;3667697.88;2067879.73;237133.97;700056.64;3930636.81;145431.98;68702.87;44390.92;3022549.66;649561.38;3080928.94
A_1602;A;1602;CAMINHA;17228957.79;11324376.56;5042743.92;5137551.46;130637.23;1013443.95;4681701.65;0;875804.25;492525.15;1698207.33;1615164.92;1222879.58
A_1204;A;1204;CAMPO MAIOR;10103539.64;6407376.8;3117235.07;2399134.54;21255.35;869751.84;3497088.27;1185835.69;34343.15;33959.95;1318372.45;924577.03;199074.57
A_0602;A;0602;CANTANHEDE;23243103.86;12339581.86;4953018.6;4502675.9;239377.14;2644510.22;5711902.11;95770.7;3379480.08;16866.35;1219456.41;1000328.57;5191619.89
A_0403;A;0403;CARRAZEDA DE ANSIÃES;8469622.6;5161895.04;2413624.27;1734977.87;17467.89;995825.01;2366162.44;260768.53;809027.11;5865.87;697642.1;592858.83;941565.12
A_1802;A;1802;CARREGAL DO SAL;6520771.08;4584018.11;2168356.84;2036882.69;26961.97;351816.61;1229879.52;31697.19;2874.63;49207.26;858485.39;287615.05;706873.45
A_1406;A;1406;CARTAXO;21316041.29;14977787.26;6380388.08;5677802.23;1799317.03;1120279.92;3777795.25;39166.6;1170000.54;49600.71;63700.27;2455327.13;2560458.78
A_1105;A;1105;CASCAIS;149543257.44;126081344.17;32331721.66;75430371.14;1232722.13;17086529.24;14667600.63;1495204.54;3390143.72;113490.74;3623327.7;6045433.93;8794312.64
A_1007;A;1007;CASTANHEIRA DE PÊRA;4737878.91;3215629.32;1316918.58;1046142.63;434517.35;418050.76;157578.3;0;27645.56;0;11756.59;118176.15;1364671.29
A_0502;A;0502;CASTELO BRANCO;32475365.29;18286843.27;6737250.64;8103482.37;84235.96;3361874.3;10573438.83;1187533.61;2314057.94;456284.3;4429373.25;2186189.73;3615083.19
A_0106;A;0106;CASTELO DE PAIVA;16723473.71;7471460.71;2992139;3142761.08;291120.5;1045440.13;755459.42;0;4778.47;153175.49;444185.75;153319.71;8496553.58
A_1205;A;1205;CASTELO DE VIDE;5373842.14;4135219.48;2348742.31;1420151.72;2657.88;363667.57;909725.67;243160.48;73869.02;26081.96;165734.99;400879.22;328896.99
A_1803;A;1803;CASTRO DAIRE;13653012.31;9744542.99;3858605.74;4329925.14;18415.43;1537596.68;3166157.35;138420.58;785643.98;245366.85;1419690.6;577035.34;742311.97
A_0804;A;0804;CASTRO MARIM;12770648.1;9124697.16;2592069.15;5306374.18;31589.08;1194664.75;2994455.11;91012.31;327107.04;209171;1573241.92;793922.84;651495.83
A_0206;A;0206;CASTRO VERDE;10304920.44;7661435.52;3619208.21;2760994.75;26964.57;1254267.99;1598259.01;108551.64;164614.27;18704.56;428907.14;877481.4;1045225.91
A_0903;A;0903;CELORICO DA BEIRA;9007587.31;7009863.82;3262991.98;2816841.23;343122.22;586908.39;905826.24;0;104907.68;61203.2;516388.25;223327.11;1091897.25
A_0305;A;0305;CELORICO DE BASTO;14841159.42;10077731.53;4593184.88;4086756.31;411444.24;986346.1;2975339.07;133354.57;1512600.89;0;75803.27;1253580.34;1788088.82
A_1407;A;1407;CHAMUSCA;8911263;6446846.88;2999171.91;2224312.72;66544.65;1156817.6;1022564.14;66700;227069.69;0;218295.15;510499.3;1441851.98
A_1703;A;1703;CHAVES;36237005.22;22223727.1;8499504.92;9377505.35;2815579.42;1531137.41;8137315.95;26782.18;951342.99;328572.14;3770813.11;3059805.53;5875962.17
A_1804;A;1804;CINFÃES;14444878.81;10580386.9;3775127.59;4600786.67;22223.41;2182249.23;3344418.91;51497.65;162222.02;245955.5;1248071.97;1636671.77;520073
A_0603;A;0603;COIMBRA;77545589.76;55509639.9;25737993.86;18177734.43;637605.47;10956306.14;14759925.6;798181.88;895490.54;26128.28;435351.32;12604773.58;7276024.26
A_0604;A;0604;CONDEIXA-A-NOVA;11699910.94;8422791.12;3284280.43;4251504.02;39824.74;847181.93;2393526.09;0;17956.94;311834.65;293673.4;1770061.1;883593.73
A_1408;A;1408;CONSTÂNCIA;5286482.69;4081590.39;1877760.5;1625174.41;50851.97;527803.51;513606.27;46841.95;210554.61;33942.13;45930.86;176336.72;691286.03
A_1409;A;1409;CORUCHE;16360016.39;11198782.85;5617823.12;3728678.44;47177.69;1805103.6;4446020.01;941348.04;385458.03;139514.1;1188483.46;1791216.38;715213.53
A_4901;A;4901;CORVO;1747263.94;896007.93;481034.89;388485.86;3736.88;22750.3;706397.69;40892.75;205265.64;127796.34;37852.59;294590.37;144858.32
A_0503;A;0503;COVILHÃ;26707499.17;15592979.38;5822273.63;6789994.15;393790.85;2586920.75;3897277.1;256426.64;1169658.52;96236.23;1405179.22;969776.49;7217242.69
A_1206;A;1206;CRATO;7045643.46;5062227.97;2095599.54;2405233.79;20676.92;540717.72;1039621.47;0;42760.79;171176.41;260581.02;565103.25;943794.02
A_0207;A;0207;CUBA;5790391.48;3979906.21;2100880.81;1388803.02;19912.15;470310.23;1196392.39;0;211449.74;259085.28;269196.44;456660.93;614092.88
A_1207;A;1207;ELVAS;23964117.24;16161003.88;4434078.74;7632565.97;8852.19;4085506.98;7377770.71;747271.99;286857.55;7132.35;623901.45;5712607.37;425342.65
A_1410;A;1410;ENTRONCAMENTO;15285874.07;9856258.46;5005663.77;4159856.06;250844.13;439894.5;4016788.36;5569.09;1192869.69;9082.91;1947917.39;861349.28;1412827.25
A_0107;A;0107;ESPINHO;30464024.51;19074881.66;9067611.33;8767596.27;292447.7;947226.36;6494916.67;164034.08;2316624.09;878000.95;276130.28;2860127.27;4894226.18
A_0306;A;0306;ESPOSENDE;17698582.44;13291462.39;4290443.6;5717276.9;39866.62;3243875.27;2828789.06;542781.67;338277.96;0;1442612.26;505117.17;1578330.99
A_0108;A;0108;ESTARREJA;15532333.33;9668389.87;4208946.93;4368353.09;84278.8;1006811.05;3132430.84;550536.9;508596.3;419814.61;926683.8;726799.23;2731512.62
A_0704;A;0704;ESTREMOZ;13586180.06;9505598.76;3511220.03;4550452.97;186252.58;1257673.18;3208492.61;241901.51;38635.94;2417042.27;0;510912.89;872088.69
A_0705;A;0705;ÉVORA;42295242.87;31424063.58;17711101.3;9229673.89;3155075.79;1328212.6;5375577.54;600000;3723078.08;67648.16;288705.82;696145.48;5495601.75
A_0307;A;0307;FAFE;32712971.28;20051163.46;7761477.1;7518314.38;111654.08;4659717.9;7233031.32;1465605;1689627.22;1019137.85;1096258.33;1962402.92;5428776.5
A_0805;A;0805;FARO;34715934.71;27343242.93;13264134.94;10469959.87;1285918.61;2323229.51;1859569.6;334208;231474.57;0;394883.99;899003.04;5513122.18
A_1303;A;1303;FELGUEIRAS;31804392.82;22670668.72;10288783.98;8324697.73;48360.64;4008826.37;6114475.81;99330.05;2090531.85;1837272.09;601880.08;1485461.74;3019248.29
A_0208;A;0208;FERREIRA DO ALENTEJO;8990421.15;7904267.2;4146896.83;2765676.34;80218.06;911475.97;312958.18;0;47204.13;2661.6;29279.36;233813.09;773195.77
A_1411;A;1411;FERREIRA DO ZÊZERE;8020592.95;6244587.62;2228560.06;3200515.57;82587.33;732924.66;1031521.54;0;13920.93;3013.5;655451.45;359135.66;744483.79
A_0605;A;0605;FIGUEIRA DA FOZ;38369846.24;24005122.18;9859217.63;9754660.51;1077227.25;3314016.79;5529977.73;247180.02;1924893.22;63467.68;1629123.18;1665313.63;8834746.33
A_0904;A;0904;FIGUEIRA DE CASTELO RODRIGO;9880340.79;7992879.71;2360650.26;4233330.05;105466.89;1293432.51;948794.59;36823.58;139097.64;11584.31;130520.21;630768.85;938666.49
A_1008;A;1008;FIGUEIRÓ DOS VINHOS;7206176.13;5297312.41;2731478.15;1900404.52;142555.95;522873.79;740637.92;9347.91;24937.77;22627.36;41438.6;642286.28;1168225.8
A_0905;A;0905;FORNOS DE ALGODRES;5579781.45;3794648.77;1774666.23;1256927.27;657292.72;105762.55;388952.81;62356.85;0;4016.6;104514.84;218064.52;1396179.87
A_0404;A;0404;FREIXO DE ESPADA À CINTA;7351757.77;5284366.95;2645409.11;1795964.62;398890.51;444102.71;823316.71;124214.36;14335.45;16605;53256.65;614905.25;1244074.11
A_1208;A;1208;FRONTEIRA;4712681.24;4059640.17;1689243.23;1873588.82;17168.48;479639.64;298630.14;0;8354.63;5319.75;28376.89;256578.87;354410.93
A_3103;A;3103;FUNCHAL;70579811.36;55938429.37;29270676.21;21991454.84;826249.29;3850049.03;6146163.85;515601.4;2327042.19;749403.57;910955.38;1643161.31;8495218.14
A_0504;A;0504;FUNDÃO;27104569.93;15003942.2;5872585.55;6622717.19;1410981.18;1097658.28;5767922;17326.94;187298.33;310307.97;2147097.1;3105891.66;6332705.73
A_1209;A;1209;GAVIÃO;5912031.05;4408044.92;2042077.06;1725846.13;11367.91;628753.82;1126490.79;0;198004.26;66775.38;130066.84;731644.31;377495.34
A_0606;A;0606;GÓIS;7153140.57;5798249.15;2718276.52;1985765.24;27168.43;1067038.96;861205.61;2050;118481.49;248189.28;224344.5;268140.34;493685.81
A_1412;A;1412;GOLEGÃ;6765144.19;4975279.69;2137614.8;2372755.01;33432.33;431477.55;1275885.62;88650;46012.39;101222.38;58332.7;981668.15;513978.88
A_1304;A;1304;GONDOMAR;63484060.17;50487807.29;22666666.39;21722937.26;308653.4;5789550.24;8107737.69;1235151.17;2297184.45;291898.36;3216636.46;1066867.25;4888515.19
A_0906;A;0906;GOUVEIA;11420979;7457321.97;3091016.63;3192434.31;66852.45;1107018.58;2671336.58;113116.82;458162.21;13346.08;641436.03;1445275.44;1292320.45
A_1505;A;1505;GRÂNDOLA;18229702.37;15441360.77;8662634.93;5157783.2;242774.5;1378168.14;1610409.95;21032.44;233338.8;101979.92;725742.56;528316.23;1177931.65
A_0907;A;0907;GUARDA;36400658.8;23887788.62;9549429.31;10727501.93;1964076.84;1646780.54;3914599.44;8173.15;394647.57;227798.41;2609133.58;674846.73;8598270.74
A_0308;A;0308;GUIMARÃES;78567062.85;52172623.65;22895237.72;18501631.02;1627294.42;9148460.49;9033729.8;981635.92;507940.78;0;2772708.46;4771444.64;17360709.4
A_4701;A;4701;HORTA;9906316.34;6436389.92;3159191.99;2545710.63;53614.25;677873.05;2091391.88;189306.96;0;681006.69;909980.76;311097.47;1378534.54
A_0505;A;0505;IDANHA-A-NOVA;17187722.65;12817406.79;4260066.33;6934545.45;47986.21;1574808.8;3068242.54;0;393636.8;26109.36;794999.83;1853496.55;1302073.32
A_0110;A;0110;ÍLHAVO;24848366.11;12701677.1;5101435.15;6883373.16;295056.09;421812.7;8569238.7;64161.23;1117543.23;2429107.17;1394576.23;3563850.84;3577450.31
A_0806;A;0806;LAGOA (ALGARVE);30783074.4;22644077.96;6603570.14;12752200.42;104104.96;3184202.44;3136646.91;85451.9;935981.02;294170.55;402472.6;1418570.84;5002349.53
A_4201;A;4201;LAGOA (SÃO MIGUEL);9845245.45;6624920.36;2617664.32;2561889.33;66512.44;1378854.27;1474186.61;114353.7;284076.42;60270.86;205213.31;810272.32;1746138.48
A_0807;A;0807;LAGOS;44115335.15;35681948.42;11400980.94;20182393.74;831439.86;3267133.88;5023625.57;915408.54;606261.12;477109.31;1658688.06;1366158.54;3409761.16
A_4801;A;4801;LAJES DAS FLORES;3003142.63;1995504.52;1113489.46;822068.41;5510.46;54436.19;657287.14;13575.74;123326.6;100086.94;225280.77;195017.09;350350.97
A_4601;A;4601;LAJES DO PICO;5740521.72;3185269.42;1638591.11;1007918.66;111581.18;427178.47;1341230.63;12000;134322.61;210866.81;806184.61;177856.6;1214021.67
A_1805;A;1805;LAMEGO;26560824.09;15214656.71;4665815.04;7962073.57;582609.53;2004158.57;7453549.41;18953.54;5144982.02;729686.97;808491.25;751435.63;3892617.97
A_1009;A;1009;LEIRIA;54140383.26;34342128.16;12273779.84;15120854.03;1113491.25;5834003.04;10569346.11;12781.85;2366772.07;81487.66;6632657.81;1475646.72;9228908.99
A_1106;A;1106;LISBOA;597776674.52;454853667.43;213264686.89;125467340.43;9905388.23;106216251.88;66662626.46;8914649.13;11233399.88;3723466.9;12359798.57;30431311.98;76260380.63
A_0808;A;0808;LOULÉ;86472173.62;63569601.12;26027320.03;31052854.31;204083.88;6285342.9;15160440.97;211417.89;1115036.23;1534453.24;5770884.42;6528649.19;7742131.53
A_1107;A;1107;LOURES;102014152.17;86394608.32;38666786.19;33562201.98;583597.99;13582022.16;3898046.19;228577.68;1283904.8;19501.24;950460.91;1415601.56;11721497.66
A_1108;A;1108;LOURINHÃ;23521121.68;14622712.18;5778602.16;6304206.86;189181.38;2350721.78;5399254.49;16149.9;3616808.84;118022.29;869708.5;778564.96;3499155.01
A_0607;A;0607;LOUSÃ;14180459.08;10241864;3720326.14;5392057.17;72841.14;1056639.55;3205003.26;144442.36;821995.01;839448.83;1015214.47;383902.59;733591.82
A_1305;A;1305;LOUSADA;32045301.18;18671597.21;9681269.73;7025664.96;185959.27;1778703.25;11004901.31;693150;8360392.04;331697.01;1007818.28;611843.98;2368802.66
A_1413;A;1413;MAÇÃO;9002558.8;7435442.6;3034055.88;3520498.48;23293.44;857594.8;1147848.16;0;304349.08;54823.6;539707.59;248967.89;419268.04
A_0405;A;0405;MACEDO DE CAVALEIROS;15453370.98;13031349.43;4655358.64;6921754.48;62128.96;1392107.35;1020285.46;26100.08;3690;191296.26;559057.62;240141.5;1401736.09
A_3104;A;3104;MACHICO;8852979.72;6447865.33;3591973.97;1626295.07;722781.84;506814.45;792982.41;0;2507.87;30198.35;463580.41;296695.78;1612131.98
A_4602;A;4602;MADALENA;6944243.58;4411343.46;2189809.08;1654761.24;22266.47;544506.67;1575097.44;0;254388.34;34917.14;963067.37;322724.59;957802.68
A_1109;A;1109;MAFRA;50934262.52;37963907.35;14055554.96;19750656.08;336054.03;3821642.28;9306239.61;226419.15;2674447.62;637455.09;3789522.05;1978395.7;3664115.56
A_1306;A;1306;MAIA;67135281.75;40932490.14;18535976.99;16281315.84;283826.13;5831371.18;19475682;2790826.75;2870621.85;197744.55;1499453.15;12117035.7;6727109.61
A_1806;A;1806;MANGUALDE;15428962.68;10094043.45;4502462.93;4956192.69;252615.36;382772.47;3077033.26;390764.2;1082393.32;288167.38;895180.03;420528.33;2257885.97
A_0908;A;0908;MANTEIGAS;8447249.32;6829505.6;1304789.97;4362530.37;435430.6;726754.66;1071338.2;1750;359098.32;90097.16;59009.81;561382.91;546405.52
A_1307;A;1307;MARCO DE CANAVESES;25493769.73;17686288.44;6742945.54;7634045.99;450285.29;2859011.62;4185904.06;34015.09;1929444.16;891844.73;655967.8;674632.28;3621577.23
A_1010;A;1010;MARINHA GRANDE;19768871.46;15080271.52;5415902.58;7716308.28;13427.3;1934633.36;3450953.94;23381.42;516404.15;322828.75;904221.7;1684117.92;1237646
A_1210;A;1210;MARVÃO;5108794.13;3418207.31;1639609.8;1422839.3;4635.66;351122.55;1429897.23;310167.19;317570.05;286899.72;169011.66;346248.61;260689.59
A_1308;A;1308;MATOSINHOS;101835239.13;69656828.92;29687470.37;27704793.15;736509.99;11528055.41;23628651.18;4576123.59;6119768.93;2271000.03;4896205.97;5765552.66;8549759.03
A_0111;A;0111;MEALHADA;14899015.05;9269902;4590189.38;3737713.57;0;941999.05;4516283.7;35000;3213037.47;155797.38;583816.31;528632.54;1112829.35
A_0909;A;0909;MÊDA;8076071.03;5605915.8;2936558.21;2064456.76;189467.45;415433.38;2176686.24;98661.59;3690;147729.75;1790187.2;136417.7;293468.99
A_1603;A;1603;MELGAÇO;12719624.55;8394597.13;4618703.52;2960247.07;306714.28;508932.26;3013753.44;23738.29;274467.98;557466.78;1230564.89;927515.5;1311273.98
A_0209;A;0209;MÉRTOLA;13493524.55;8685646.63;4543413.26;2941632.14;27694.1;1172907.13;3281867.79;122254.49;420816.54;415791.75;899165.13;1423839.88;1526010.13
A_1704;A;1704;MESÃO FRIO;5203729.47;3539862.74;1997885.32;1189389.13;160623.88;191964.41;539440.73;23977.2;8706.27;84036.7;38592.27;384128.29;1124426
A_0608;A;0608;MIRA;10362531.22;7880225.28;3590468.24;3731229.95;14203.81;544323.28;2152555.41;0;153129.35;511388.93;977124.76;510912.37;329750.53
A_0609;A;0609;MIRANDA DO CORVO;9285854.28;6565478.57;2778655.17;3091038.42;22687.78;673097.2;1724281.76;35305;489817.44;125642.78;245196.94;828319.6;996093.95
A_0406;A;0406;MIRANDA DO DOURO;10242294.37;7345125.97;2889974.02;3580307.49;253237.67;621606.79;1432887.97;113331.2;161590.08;70227.5;369916.57;717822.62;1464280.43
A_0407;A;0407;MIRANDELA;26065688.72;15046115.78;5916185.32;6633110.12;689996.93;1806823.41;5792442.3;53856.15;3379418.02;108958.38;648099.18;1602110.57;5227130.64
A_0408;A;0408;MOGADOURO;15488692.63;8874380.92;2639641.6;4976548.7;18083.24;1240107.38;5556249.73;9688.64;371740.34;143039.35;805396.92;4226384.48;1058061.98
A_1807;A;1807;MOIMENTA DA BEIRA;12863534.76;6610014.92;2933906.89;2781810.31;213108.39;681189.33;5255494.1;417088.59;81609.1;431684.99;2087551.54;2237559.88;998025.74
A_1506;A;1506;MOITA;30832012.89;24567926.6;13888063.94;7364771.92;86916.68;3228174.06;3028418.9;31802.29;394683.78;746311.22;521787.17;1333834.44;3235667.39
A_1604;A;1604;MONÇÃO;15038102.51;9370725.73;4354904.43;3923342.38;109761.56;982717.36;2293927.05;4402.95;319626.42;184968.62;1170923.74;614005.32;3373449.73
A_0809;A;0809;MONCHIQUE;9841329.37;6271782.05;3495110.46;1696613.62;10882.43;1069175.54;2106305.63;180000;11557.48;728894.95;562993.87;622859.33;1463241.69
A_1705;A;1705;MONDIM DE BASTO;8754085.93;5567702.67;2660651.39;2112107.34;218739.05;576204.89;1462487.05;57193;205799.36;91687.02;555898.57;551909.1;1723896.21
A_1211;A;1211;MONFORTE;5777080.81;4312136.8;2461612.03;1254697.9;50940.26;544886.61;381789.78;16000;49033.64;14342.33;198750.42;103663.39;1083154.23
A_1706;A;1706;MONTALEGRE;17796035.74;10431324.18;4250379.19;4674927.67;14101.84;1491915.48;5883826.93;486315.72;1087464.93;898922.88;2836737.56;574385.84;1480884.63
A_0706;A;0706;MONTEMOR-O-NOVO;16951581.87;12853179.25;6467177.57;4344756.21;37610.89;2003634.58;1937472.71;54449.68;1222759.04;4596.77;83025.48;572641.74;2160929.91
A_0610;A;0610;MONTEMOR-O-VELHO;17233906.58;11219836.37;3998527.01;5460614.43;764504.89;996190.04;5455609.52;12675;657785.21;1198171.52;1730028.9;1856948.89;558460.69
A_1507;A;1507;MONTIJO;24986261.4;21452318.44;12911328.17;6632909.5;81676.47;1826404.3;1970390.19;10102.06;968192.48;148464.21;373898.4;469733.04;1563552.77
A_0707;A;0707;MORA;7843255.65;4923178.34;2475749.56;1709775.9;13819.64;723833.24;2515667.34;8019.46;122777.04;80547.82;76464.97;2227858.05;404409.97
A_1808;A;1808;MORTÁGUA;8641799.22;5558508.59;2462380.29;1757463.31;29175.39;1309489.6;2108627.22;628501.87;91811.27;64049.94;926329.35;397934.79;974663.41
A_0210;A;0210;MOURA;15796543.26;10850692.78;5982275.46;3480024.15;174121.54;1214271.63;2810576.23;65000;139018.98;269109.99;447800;1889647.26;2135274.25
A_0708;A;0708;MOURÃO;5204672.78;4744526.42;2882246.47;1393594.94;198303.3;270381.71;90872.41;0;0;2532.07;2976.93;85363.41;369273.95
A_1707;A;1707;MURÇA;6625436.23;4971128.99;2249349.2;2101125.56;200926.96;419727.27;275342.89;37222.16;24507.51;18024.8;103539.97;92048.45;1378964.35
A_0112;A;0112;MURTOSA;6571848.64;4113482.89;1750778.47;1760810.99;6923.29;594970.14;2172898.71;250886.92;587242.75;227641.07;597096.84;510031.13;285467.04
A_1011;A;1011;NAZARÉ;23742090.83;10885487.79;3062886.11;4792090.45;1327842.8;1702668.43;9726120.19;9911.47;5581110.36;85063.14;267024.53;3783010.69;3130482.85
A_1809;A;1809;NELAS;19990777.41;7662718.59;3030879.92;3074517.41;462170.75;1095150.51;2243338.57;158847.7;274191.21;1226517.73;442598.9;141183.03;10084720.25
A_1212;A;1212;NISA;10341212.84;6984431.93;3888656.29;2458529.96;62404.47;574841.21;2731485.59;0;1231815.31;5947.36;426118.14;1067604.78;625295.32
A_4202;A;4202;NORDESTE;5393404.5;3461849.42;1391708.83;787624.19;594742.69;687773.71;541483.02;63917.92;50511.34;12774.68;167956.5;246322.58;1390072.06
A_1012;A;1012;ÓBIDOS;14117534.8;10680355.41;4805189.37;4331175.71;147525.05;1396465.28;1519854.86;465511.63;164591.93;269317.62;317000.78;303432.9;1917324.53
A_0211;A;0211;ODEMIRA;27456217.96;19867400.1;8063071.11;8023568.56;63846.27;3716914.16;5185848.51;184939.25;418930.85;1343460.35;1224438.85;2014079.21;2402969.35
A_1116;A;1116;ODIVELAS;63114142.53;52192931.05;23642978.69;23184552.06;575262.74;4790137.56;3077875.04;161345;733636.52;253468.87;1012773.33;916651.32;7843336.44
A_1110;A;1110;OEIRAS;106311161.47;79041098.17;34650282.3;33128239.65;1907932.74;9354643.48;20737905.42;2291661.52;8510280.79;1843254.64;3638501.42;4454207.05;6532157.88
A_0506;A;0506;OLEIROS;9663907.79;6316329.51;2126281.98;2983701;33132.58;1173213.95;2824356.52;103730.96;12193.63;66633.07;2360762.97;281035.89;523221.76
A_0810;A;0810;OLHÃO;22022329.24;18172397.55;8380163.5;5457679.18;352836.91;3981717.96;1186120.88;105423.95;293541.26;7178.58;60386.41;719590.68;2663810.81
A_0113;A;0113;OLIVEIRA DE AZEMÉIS;36747434.87;22249284.21;10428841.62;8771742.14;272128.86;2776571.59;7898441.75;795515.33;1408492.98;508086.42;2472476.24;2713870.78;6599708.91
A_1810;A;1810;OLIVEIRA DE FRADES;13479450.23;5254917.25;2693217.33;2162589.58;69566.82;329543.52;6264958.7;60495.1;3310436.15;1225116.75;1281093.93;387816.77;1959574.28
A_0114;A;0114;OLIVEIRA DO BAIRRO;19239864.13;10030294.45;4372660.83;4362218.52;111957.24;1183457.86;7508418.66;55177.8;5853052.12;47354.66;1084132.28;468701.8;1701151.02
A_0611;A;0611;OLIVEIRA DO HOSPITAL;14316354.21;11123299.48;3535606.64;5432485.94;24370.46;2130836.44;1328780.78;25432.91;122276.68;358130.86;441580.04;381360.29;1864273.95
A_1421;A;1421;OURÉM;28209180.77;19041096.28;6659614.2;9951802.5;304070.39;2125609.19;3750303;181583.97;1422512.21;144008.17;906607.87;1095590.78;5417781.49
A_0212;A;0212;OURIQUE;9480295.75;6719227.65;3817004.01;1974812.3;71636.12;855775.22;1093686.53;14855.63;68818.23;224117.15;440757.54;345137.98;1667381.57
A_0115;A;0115;OVAR;29325218.92;19948024.17;6904332.09;8911100.77;91944.44;4040646.87;6552250.93;1187062.24;1475556.65;80961.37;3097995.38;710675.29;2824943.82
A_1309;A;1309;PAÇOS DE FERREIRA;24236800.69;18268396.81;7333741.87;7977264.69;836765.19;2120625.06;3806777.54;44228.75;2797781.12;3882.71;622568.37;338316.59;2161626.34
A_1508;A;1508;PALMELA;40187800.46;35049354.1;17265659.84;15066469.18;365636.47;2351588.61;2657274.41;131659.31;620952.15;247473.91;798272.02;858917.02;2481171.95
A_0612;A;0612;PAMPILHOSA DA SERRA;10750621.04;7720959.63;2380642.57;3707249.35;485.44;1632582.27;2748053.23;112472.6;149039.5;116108.57;1089606.99;1280825.57;281608.18
A_1310;A;1310;PAREDES;45914706.39;30659989.22;13616174.64;12152058.37;772716.75;4119039.46;6258579.67;89293.23;1922781.79;263442.06;3441446.78;541615.81;8996137.5
A_1605;A;1605;PAREDES DE COURA;12594707.44;6896025.19;2891646.81;2919010.35;397268.16;688099.87;3940226.57;0;1710846.29;352120.12;1415541.66;461718.5;1758455.68
A_1013;A;1013;PEDRÓGÃO GRANDE;4603950.83;3856547.89;1442870.74;1778849.96;17735.41;617091.78;387221.22;19411;34153.72;10486.44;79515.1;243654.96;360181.72
A_0613;A;0613;PENACOVA;11218919.73;7631974.4;2361815.26;3939083.24;35247.05;1295828.85;2409412.86;0;436432.29;91605.73;1179994.04;701380.8;1177532.47
A_1311;A;1311;PENAFIEL;33788534.21;22083871.1;10561095.14;8767600.35;199724.57;2555451.04;9296128.96;235430;3970851.35;1261796.74;2654273.82;1173777.05;2408534.15
A_1811;A;1811;PENALVA DO CASTELO;7113981.5;4591184.48;1920559.14;1641589.22;8897.01;1020139.11;1718432.96;15528.62;159828.29;87192.14;1097339.36;358544.55;804364.06
A_0507;A;0507;PENAMACOR;10951677.29;7624492.48;1894714.69;4787806.81;286315.61;655655.37;2657926.69;8000;384043.53;769364.72;74082.16;1422436.28;669258.12
A_1812;A;1812;PENEDONO;6667951.51;3664673.23;1455932.93;1705645.59;0;503094.71;2685691.35;27397.17;1737330.21;84528.37;324616.74;511818.86;317586.93
A_0614;A;0614;PENELA;7177917.25;4609255.59;1937004.73;1920964.33;72780.03;678506.5;1600756.16;2746.18;701834.75;137906.79;308053.57;450214.87;967905.5
A_1014;A;1014;PENICHE;15928500.5;12383315.6;5979478.39;4580535.03;107065.51;1716236.67;2316797.56;78550.94;771159.17;2019.92;429337.1;1035730.43;1228387.34
A_1708;A;1708;PESO DA RÉGUA;17567302.64;8672882.09;4357528.75;3140862.87;303098.13;871392.34;6822691.27;27682.93;3786519.19;203865.04;962681.83;1841942.28;2071729.28
A_0910;A;0910;PINHEL;11745914.92;7704816.31;3216232.12;3891837.07;58810.75;537936.37;2287657.79;0;826860.83;229490.97;745492.07;485813.92;1753440.82
A_1015;A;1015;POMBAL;36488906.97;20040696.03;7159257.4;9298420.82;57922.21;3525095.6;13615980.06;547675.98;2635315.87;1826488.43;4328746.8;4277752.98;2832230.88
A_4203;A;4203;PONTA DELGADA;32473297.46;24992042.33;11674676.85;9253244.36;182575.73;3881545.39;3659081.61;354123.01;394056.97;76351.7;1123634.92;1710915.01;3822173.52
A_3105;A;3105;PONTA DO SOL;6074301.92;3978104.68;1504900.3;1978427.5;4254.15;490522.73;1307603.8;3296;228279.76;33882.63;784840.23;257305.18;788593.44
A_1606;A;1606;PONTE DA BARCA;12559649.77;8526346.86;4071236.72;3236452.99;99643.96;1119013.19;2252283.65;0;513478.08;178105.73;518897.41;1041802.43;1781019.26
A_1607;A;1607;PONTE DE LIMA;26876386.71;20161129.35;7608574.9;8963117.82;4788.02;3584648.61;4605925.93;586778.16;768492.95;621398.39;1144232.3;1485024.13;2109331.43
A_1213;A;1213;PONTE DE SOR;17549023.34;11521201.97;4621576.64;4230221.35;25628.41;2643775.57;5683702.76;114530.42;54120.34;128545.38;257236.84;5129269.78;344118.61
A_1214;A;1214;PORTALEGRE;17533975.73;11693606.36;5676556.48;5020554.42;191335.96;805159.5;1878233.05;270779.59;499603.28;91519.36;521967.67;494363.15;3962136.32
A_0709;A;0709;PORTEL;8750019.44;7224451.88;3596699.66;2646734.84;36759.51;944257.87;1166909.05;33250;697598.38;128079.87;107846.11;200134.69;358658.51
A_0811;A;0811;PORTIMÃO;51790944.57;40517495.51;14627443.59;13157354.83;4070019.06;8662678.03;5628893.49;324475.24;3403699.67;17735.47;664279.13;1218703.98;5644555.57
A_1312;A;1312;PORTO;165833767.59;123538450.17;58505841.43;49670453.85;2081999.13;13280155.76;19122087.23;6142930.25;4224487.69;1305652.34;3583484.93;3865532.02;23173230.19
A_1016;A;1016;PORTO DE MÓS;16275433.03;11423705.62;4697982.71;5864719.56;22433.33;838570.02;3808761.4;17773.8;676240.95;1005427.28;1347912.62;761406.75;1042966.01
A_3106;A;3106;PORTO MONIZ;4029324.07;3304415.52;1215396.38;1559536.46;31996.31;497486.37;349136.25;0;218799;6640.3;27521.64;96175.31;375772.3
A_3201;A;3201;PORTO SANTO;6021482.62;4309466.28;2041694.67;2016372.91;44477.25;206921.45;24855.82;2883.87;0;1046.31;1028.05;19897.59;1687160.52
A_0309;A;0309;PÓVOA DE LANHOSO;16635107.53;9761711.28;3994868.15;4253678.79;118072.1;1395092.24;3367833.7;20000;1175748.26;285404.01;658020.3;1228661.13;3505562.55
A_1313;A;1313;PÓVOA DE VARZIM;43113681.26;28838027.01;11855743.55;13934155.32;220009.3;2828118.84;10404988.82;696352.63;3800648.62;727499.54;2836839.79;2343648.24;3870665.43
A_4204;A;4204;POVOAÇÃO;5956384.82;3612206.39;2022185.76;624991.63;161252;803777;845979.67;148.76;175307.45;223500.34;34515.19;412507.93;1498198.76
A_4302;A;4302;PRAIA DA VITÓRIA;11535880.62;6481486.8;3342031.17;1207970.01;98745.09;1832740.53;1078142.81;16800;1364.89;0;765808.14;294169.78;3976251.01
A_0508;A;0508;PROENÇA-A-NOVA;9625510.35;7022569.21;2676894;3210227.54;12538.9;1122908.77;2073698.76;64166.84;55537.53;297107.44;465499.21;1191387.74;529242.38
A_0710;A;0710;REDONDO;7992165.56;7011360.92;3636221.61;2652608.68;1261.01;721269.62;899446.42;2230.08;92439.26;83251.54;519472.02;202053.52;81358.22
A_0711;A;0711;REGUENGOS DE MONSARAZ;13423389.64;9998622.8;4324248.76;4236924.03;214495.18;1222954.83;1590784.64;12500;98086.13;254055.11;609185.43;616957.97;1833982.2
A_1813;A;1813;RESENDE;10464356.12;8207018.19;4297564.6;2977848.47;114514.18;817090.94;1228462.17;3000;552979.92;147429.75;169632.61;355419.89;1028875.76
A_3107;A;3107;RIBEIRA BRAVA;7144585.84;4711870.82;1698809.31;1312378.66;1173030.5;527652.35;940056.17;9726.22;12835.74;5002;618963.63;293528.58;1492658.85
A_1709;A;1709;RIBEIRA DE PENA;11333185.45;8028731.18;3361083.9;2665691.11;102230.41;1899725.76;2517224.15;211920;590024.64;272671.73;966200.49;476407.29;787230.12
A_4205;A;4205;RIBEIRA GRANDE;21219584.12;10086041.75;4897710.59;4520911.24;133697.14;533722.78;7941305.64;187047.69;1115229.9;1109615.54;3377755.55;2151656.96;3192236.73
A_1414;A;1414;RIO MAIOR;17668865.5;12656091.43;5063938.48;6096524.84;159937.66;1335690.45;1450908.19;15960.89;187771.3;612535.58;371696.96;262943.46;3561865.88
A_1710;A;1710;SABROSA;6645594.44;5151958.68;2588664.74;2039017.28;14586.9;509689.76;870792.94;11012.1;50184.07;50980.14;568790.98;189825.65;622842.82
A_0911;A;0911;SABUGAL;16021990.5;11816804.1;3789455.64;5432474.49;22676.56;2572197.41;3138247.25;33276.33;300665.54;511123.79;1499302.45;793879.14;1066939.15
A_1415;A;1415;SALVATERRA DE MAGOS;10078277.98;8757113.5;3943609.99;3569205.01;43191.68;1201106.82;894656.33;0;92770.24;3854.82;282671.88;515359.39;426508.15
A_1814;A;1814;SANTA COMBA DÃO;11522275.51;6641407.1;2462244.13;3459441.54;441608.59;278112.84;2029433.58;4243.22;618023.1;220450.31;711694.97;475021.98;2851434.83
A_3108;A;3108;SANTA CRUZ;21171584.22;15291064.36;6596063.83;3748920;4523305.72;422774.81;2692244.14;0;211589.7;691056.44;1701345.54;88252.46;3188275.72
A_4401;A;4401;SANTA CRUZ DA GRACIOSA;3985410.06;2647739.68;1116069.06;915409.33;34219.78;582041.51;915416.51;266029.8;119648.04;95371.36;119552.91;314814.4;422253.87
A_4802;A;4802;SANTA CRUZ DAS FLORES;2396829.01;1722203.38;968094.02;547553.18;5327.03;201229.15;331946.69;73531.7;48921.61;3425.87;123731.63;82335.88;342678.94
A_0109;A;0109;SANTA MARIA DA FEIRA;51719491.22;35431723.46;13801190.62;16528194.52;580389.16;4521949.16;8928206.15;231571.69;2178308.56;1850869.16;2383628.34;2283828.4;7359561.61
A_1711;A;1711;SANTA MARTA DE PENAGUIÃO;9940195.34;5273958.61;1984375.68;2605529.02;24564.64;659489.27;3938331.46;216657.83;2747832.13;69380.66;471376.16;433084.68;727905.27
A_3109;A;3109;SANTANA;4845775.85;3257861.12;1559162.63;1140926.97;50125.22;507646.3;443813.01;0;0;0;259715.51;184097.5;1144101.72
A_1416;A;1416;SANTARÉM;35020511.16;26964871.68;13701242.4;8182354.87;2065138.87;3016135.54;2608570.99;0;1513765.37;46877.85;211685.75;836242.02;5447068.49
A_1509;A;1509;SANTIAGO DO CACÉM;23112989.33;19368073.51;9610398.89;7235038.55;514420.1;2008215.97;1858468.93;14180.02;185662.27;309146.77;504067.11;845412.76;1886446.89
A_1314;A;1314;SANTO TIRSO;37363845.99;24355700.76;8030691.19;12960836.64;230867.79;3133305.14;8588443.48;3100;1150860.29;98061.49;2084052.54;5252369.16;4419701.75
A_0812;A;0812;SÃO BRÁS DE ALPORTEL;10858062.86;8118600.17;3825510.36;3538830.99;16091.3;738167.52;2256315.17;71922.75;73917.14;47059.81;1408509.58;654905.89;483147.52
A_0116;A;0116;SÃO JOÃO DA MADEIRA;15153091.94;11137460.78;4553877.23;5303301.95;77565.13;1202716.47;1119728.78;532535.78;175018.27;23286.83;24071.41;364816.49;2895902.38
A_1815;A;1815;SÃO JOÃO DA PESQUEIRA;9272025.91;6349789.12;1578820.7;4151500.28;33669.38;585798.76;1569416.92;0;56001.03;10878.79;416571.55;1085965.55;1352819.87
A_1816;A;1816;SÃO PEDRO DO SUL;14802741.3;10767954.92;6205385.59;3791392.7;238754.56;532422.07;2138675.68;247470.1;44308.12;124719.48;841820.26;880357.72;1896110.7
A_4603;A;4603;SÃO ROQUE DO PICO;4494664.74;2688360.78;1040695.84;973570.67;12554.9;661539.37;1171570.24;4740.9;31666.82;52429.29;865015.84;217717.39;634733.72
A_3110;A;3110;SÃO VICENTE;6213136.15;3482640.49;1279222.07;1615658.15;62075.8;525684.47;2066234.98;0;29703.85;218280.26;1211362.89;606887.98;664260.68
A_1417;A;1417;SARDOAL;6101354.45;4642966.76;2711787.92;1449885.19;44559.29;436734.36;712860.62;2057.68;426804.02;66.68;7681.44;276250.8;745527.07
A_1817;A;1817;SÁTÃO;10533302.68;5706021.56;2862477.9;2222691.47;6518.54;614333.65;3963881.41;0;447160.48;439923.59;1408896.66;1667900.68;863399.71
A_0912;A;0912;SEIA;19531183.63;15240334.71;4986735.24;7071009.04;2127169.42;1055421.01;1281439.72;12390.39;161637.63;286981.42;198674.77;621755.51;3009409.2
A_1510;A;1510;SEIXAL;75637901;55319290.74;32827139.61;18387545.24;2974340.04;1130265.85;1803809.96;15473;32611.82;117936;622115.35;1015673.79;18514800.3
A_1818;A;1818;SERNANCELHE;8771812.7;5336867.14;1823610.52;3112927.13;11302.89;389026.6;3086697.86;369746.86;317401.62;163184.88;1071433.87;1164930.63;348247.7
A_0213;A;0213;SERPA;16110403.76;12180657.38;5778905.02;4785413.89;341155.07;1275183.4;2373097.45;100607.47;1009822.4;80332.45;232567.7;949767.43;1556648.93
A_0509;A;0509;SERTÃ;13733472.15;9617798.99;3714907.99;4604563.39;85659.8;1212667.81;3117957.17;240000;150310.89;693619.74;995121.31;1038905.23;997715.99
A_1511;A;1511;SESIMBRA;40415538.39;31119539.38;16724431.07;11103976.93;748728.58;2542402.8;4957958.72;286144.8;1062857.66;1001816.54;676166.16;1930973.56;4338040.29
A_1512;A;1512;SETÚBAL;77652513.22;57002130.36;25121946.64;24772094.35;1565629.56;5542459.81;10617022.3;443399.92;1256987.64;2349010.47;2139332.37;4428291.9;10033360.56
A_0117;A;0117;SEVER DO VOUGA;8641036.49;5342398.86;1959339.58;2173468.23;43464.73;1166126.32;2424952.88;157967.54;211966.75;292538.75;1105805.83;656674.01;873684.75
A_0813;A;0813;SILVES;28938346.52;23889903.92;11136669.75;10675180.21;155157.86;1922896.1;3009419.59;144400.27;174988.08;894948.59;666914.7;1128167.95;2039023.01
A_1513;A;1513;SINES;22050375.44;13654167.54;7641604.38;4137046.32;187200.39;1688316.45;2940557.59;2407.23;95107.61;7367.7;1596016.53;1239658.52;5455650.31
A_1111;A;1111;SINTRA;147463011.26;103428204.89;47471815.13;37490916.66;706323.47;17759149.63;6171098.35;463454.89;1102844.71;0;2660035.38;1944763.37;37863708.02
A_1112;A;1112;SOBRAL DE MONTE AGRAÇO;7684771.11;6556177.22;2891387.54;2923381.05;156897.89;584510.74;614720.04;0;405747.64;1879.24;18119.83;188973.33;513873.85
A_0615;A;0615;SOURE;12919856.2;9112346.96;4133902.26;3834812.48;122986.62;1020645.6;2053011.87;28800;89820.94;551156.97;682261.47;700972.49;1754497.37
A_1215;A;1215;SOUSEL;8400671.98;4973480.95;2523553.41;1573879.69;57424.78;818623.07;2886155.38;52879.79;1130155.63;29668.75;81824.84;1591626.37;541035.65
A_0616;A;0616;TÁBUA;9761575.83;6380681.95;3066351.51;2173529.02;180161.8;960639.62;2108991.08;9034.16;18818.63;345383.88;237819.8;1497934.61;1271902.8
A_1819;A;1819;TABUAÇO;7804934.47;4866216.28;1977994.14;2425676.57;130429.95;332115.62;1738953.82;0;369529.25;49451.41;402350.34;917622.82;1199764.37
A_1820;A;1820;TAROUCA;9498819.64;6400899.66;4067433.04;1678479.68;178273.99;476712.95;1531780.71;4786.27;444201.5;190905.59;229704.84;662182.51;1566139.27
A_0814;A;0814;TAVIRA;23342474.48;17952856.24;8752211.35;5087752.31;121438.4;3991454.18;2310477.09;17956.68;153644.31;71666.07;1111465.39;955744.64;3079141.15
A_0310;A;0310;TERRAS DE BOURO;9008205.19;7295838.82;3859855.49;2455591.93;19264.15;961127.25;872663.04;0;146854.31;135165.45;369765.55;220877.73;839703.33
A_1418;A;1418;TOMAR;23006063.58;16836289.13;9184397.97;6020031.91;256052.56;1375806.69;3038861.15;0;257086.27;46255.38;554828.84;2180690.66;3130913.3
A_1821;A;1821;TONDELA;20916714.84;13213172.8;4641595.88;5770491.25;10458.08;2790627.59;5831154.17;323602.5;232751.67;340144.27;3360124.42;1574531.31;1872387.87
A_0409;A;0409;TORRE DE MONCORVO;12401876.41;6904470.08;2797566.34;2963050.01;336671.27;807182.46;2447400.93;0;475031.5;132051.19;328922.19;1511396.05;3050005.4
A_1419;A;1419;TORRES NOVAS;26367167.72;15295302.83;7663346.01;6254755.97;607632.3;769568.55;7093253.18;15000;4779842.05;20470.78;639586.96;1638353.39;3978611.71
A_1113;A;1113;TORRES VEDRAS;53856133.6;33701133.84;12403919;11528104.71;312638.47;9456471.66;12831831.36;676205.27;3985630.71;18077.09;211909.8;7940008.49;7323168.4
A_0913;A;0913;TRANCOSO;9289544.2;6623799.96;2728176.08;2412021.07;183229.09;1300373.72;1113800.87;191999.99;38270.23;109642.72;271525.16;502362.77;1551943.37
A_1318;A;1318;TROFA;23184898.86;14810959.41;5887977.09;3939456.16;1056468.01;3927058.15;5613917.11;255528.09;1146046.24;1523481.63;1018235.25;1670625.9;2760022.34
A_0118;A;0118;VAGOS;14158818.69;9736884.94;3558869.97;4409924.34;398386.97;1369703.66;2497932.26;56628;104110.37;3035.45;140248.83;2193909.61;1924001.49
A_0119;A;0119;VALE DE CAMBRA;13465114.38;9462632.58;3929769.14;3361521.48;164625.49;2006716.47;1497417.21;299714.18;114566.92;130949.76;375011;577175.35;2505064.59
A_1608;A;1608;VALENÇA;15744865.97;10263580.06;5076326.59;3929207.4;82686.93;1175359.14;4710620.8;41895.08;3960479.52;0;376019.22;332226.98;770665.11
A_1315;A;1315;VALONGO;31268922.38;24295613.21;11348062.19;9793911.12;584835.14;2568804.76;2927065.18;0;1643803.61;226786.63;619734.1;436740.84;4046243.99
A_1712;A;1712;VALPAÇOS;15067806.31;10144510.46;4181622.49;4191568.33;230916.94;1540402.7;3293363.82;356540.19;215522.83;343228.54;1666664.77;711407.49;1629932.03
A_4502;A;4502;VELAS;5357740.92;3362904.72;1596176.41;1016948.46;198762.86;551016.99;1108233.43;0;660336.86;101025.95;225930.86;120939.76;886602.77
A_0712;A;0712;VENDAS NOVAS;8465838.61;6806333.62;3702041.64;2442545.89;198635.28;463110.81;696418.17;2275.5;11319.73;43014.65;331043.12;308765.17;963086.82
A_0713;A;0713;VIANA DO ALENTEJO;7800009.69;5270941.75;2278177.41;2211815.78;33823.01;747125.55;2102996.58;1052;123103.69;11878.12;94772.45;1872190.32;426071.36
A_1609;A;1609;VIANA DO CASTELO;61142315.78;30680218.25;15869956.62;10625508.46;330508.46;3854244.71;17561098.14;1978560.18;3175949.04;6528541.98;2542545.9;3335501.04;12900999.39
A_0214;A;0214;VIDIGUEIRA;9809208.51;5279155.48;3243897.64;1556277.78;20884.95;458095.11;3253551.15;0;614821.55;15135;1990745.33;632849.27;1276501.88
A_0311;A;0311;VIEIRA DO MINHO;13208753.25;9113219.57;2867914.28;4739509;285223.33;1220572.96;2145729.63;64100.72;665290.75;14758.67;907792.01;493787.48;1949804.05
A_0510;A;0510;VILA DE REI;5392838.38;3953725.71;2028959.27;1525316.05;25204.03;374246.36;1128603.73;7296.09;107895.92;0;159199.86;854211.86;310508.94
A_0815;A;0815;VILA DO BISPO;11304470.48;8659418.8;3834967.95;3414361.99;113775.27;1296313.59;2096120.58;391522.06;394580.81;86217.13;32252.09;1191548.49;548931.1
A_1316;A;1316;VILA DO CONDE;46498095.39;33054853.26;15283218.75;12762870.67;1408880.08;3599883.76;3865320.74;454656.97;1323071.55;18532.67;1207193.88;861865.67;9577921.39
A_4101;A;4101;VILA DO PORTO;5085225.98;3764201.94;1870830.13;1387320.62;2476.1;503575.09;680721.51;152750;35268.3;52056.55;165946.17;274700.49;640302.53
A_0410;A;0410;VILA FLOR;7775236.11;6186277.67;2766096.59;2366670.67;12288.47;1041221.94;1122020.54;1638.36;277660.49;122504.49;430126.36;290090.84;466937.9
A_1114;A;1114;VILA FRANCA DE XIRA;55296774.54;42517833.5;16264789.57;19413670.66;227473.35;6611899.92;8489688.68;758921.31;1479998.66;368041.14;1074546.61;4808180.96;4289252.36
A_4206;A;4206;VILA FRANCA DO CAMPO;9088743.38;5570710.22;2331450.42;1910049.05;899407.69;429803.06;2036116.53;85000;468409.4;296671.92;570596.58;615438.63;1481916.63
A_1420;A;1420;VILA NOVA DA BARQUINHA;7350082.79;5521023.23;2762330.66;2307360.75;69631.89;381699.93;1185280.55;0;749131.99;6450.27;19302.59;410395.7;643779.01
A_1610;A;1610;VILA NOVA DE CERVEIRA;13353179.56;7756338.76;3736996.07;3179288.9;59363.57;780690.22;4560860.43;10432;2302082.24;412415.24;631843.41;1204087.54;1035980.37
A_0312;A;0312;VILA NOVA DE FAMALICÃO;69415464.01;47355106.73;19977548.18;23304861.6;429686.27;3643010.68;9109300.99;410446.39;3618844.87;573244.24;2673468.52;1833296.97;12951056.29
A_0914;A;0914;VILA NOVA DE FOZ CÔA;10073646.4;7626540.25;2818483.22;3553992.07;37526.65;1216538.31;1893826.96;1000;1529885.68;47331.25;121481.44;194128.59;553279.19
A_1317;A;1317;VILA NOVA DE GAIA;123091075.39;81493043.1;35123004.75;35872846.03;4371977.41;6125214.91;11998322.88;298389.06;3319934.38;0;3725508.01;4654491.43;29599709.41
A_1822;A;1822;VILA NOVA DE PAIVA;7446507;4378778.07;2213180.23;1764968.39;43553.74;357075.71;1963517.14;164733.74;84602.86;128239.71;1284509.83;301431;1104211.79
A_0617;A;0617;VILA NOVA DE POIARES;7403178.87;5086077.04;2203113.71;1914589.78;712798.12;255575.43;770384.12;12897;342143.87;283324.86;41054.61;90963.78;1546717.71
A_1713;A;1713;VILA POUCA DE AGUIAR;16838946.1;11308540.76;4694023.16;4991765.39;57892.38;1564859.83;4901447.48;711577.64;1282402.26;56044.55;903231.6;1948191.43;628957.86
A_1714;A;1714;VILA REAL;30344970.13;19394620.59;7353203.33;7279491.69;154216.05;4607709.52;7923521.79;803682.5;1886846.2;92243.49;2058497.6;3082252;3026827.75
A_0816;A;0816;VILA REAL DE SANTO ANTÓNIO;22047257.63;18570121.63;7659486.56;5566631.64;3171180.9;2172822.53;590964.25;62307.33;192835.31;16534.49;301418.84;17868.28;2886171.75
A_0511;A;0511;VILA VELHA DE RÓDÃO;7148017.89;5105861.01;2470756.72;1815102.01;4775.31;815226.97;1743033.01;148688.44;117113.2;333786.57;379702.12;763742.68;299123.87
A_0313;A;0313;VILA VERDE;28728045.28;19705559.74;7213009.23;9040752.74;480412.35;2971385.42;5740161.8;25500;3603188.2;22671.28;993268.69;1095533.63;3282323.74
A_0714;A;0714;VILA VIÇOSA;7361377.63;5320540.3;2564596.29;2177063.4;81284.47;497596.14;1015535.24;0;110176.84;238469.87;241790.61;425097.92;1025302.09
A_0411;A;0411;VIMIOSO;8571720.86;6105063.63;2506703.49;2907022.78;27922.15;663415.21;1761749.78;19008.91;3994.07;6061.14;1194913.82;537771.84;704907.45
A_0412;A;0412;VINHAIS;12120614.66;8405978.44;3297998.66;3458141.25;29895.27;1619943.26;2281699.84;8829.62;628745.25;603376.37;479405.21;561343.39;1432936.38
A_1823;A;1823;VISEU;43052795.01;32468075.38;11694504.93;13528480.95;219594.41;7025495.09;5027319.75;785172.65;2795432.84;42986.8;383604.59;1020122.87;5557399.88
A_0314;A;0314;VIZELA;17087310.88;10083206.1;4319029.71;3471042.64;786945.01;1506188.74;5429409.63;173225.7;1785635.5;136742.66;2396862.28;936943.49;1574695.15
A_1824;A;1824;VOUZELA;8807295.53;5827101.89;2504755.02;2218672.78;61995.33;1041678.76;1172086.92;1932.5;144846.28;17093.94;173963.42;834250.78;1808106.72
