ldk;codigoperiodo;codigoine;dscautarquia;receitastotais;transferenciasorcamentoestado;financiamentouniaoeuropeia;impostosmunicipais;imi;imt;iuc;derramairc;taxasmultasoutrosimpostos;vendabensservicos;outrasreceitas
T3_1401;T3;1401;ABRANTES;17734393;8508429;563178;4991178.04;2995737.08;545606.76;573502.84;698338.48;177992.88;3031969.57;639638.39
T3_0101;T3;0101;ÁGUEDA;21061389.3;6578649.01;3491848.4;6903886.66;3764253.74;761821.34;859881.85;1142358.83;375570.9;2056934.1;2030071.13
T3_0901;T3;0901;AGUIAR DA BEIRA;5389211.72;3756204;181580.04;555294.93;383337.39;63208.41;79917.27;0;28831.86;763917.01;132215.74
T3_0701;T3;0701;ALANDROAL;6492797.48;4178954.43;406325.07;608153.14;425032.92;77384.77;68966.85;26319.1;10449.5;754638.83;544726.01
T3_0102;T3;0102;ALBERGARIA-A-VELHA;9817411.56;4333428;255038.07;3491973.78;1906425.74;391181.89;455258.14;558105.16;181002.85;1362034.56;374937.15
T3_0801;T3;0801;ALBUFEIRA;63349550.48;3977064;271072.44;39103765.84;20329349.34;15080670.19;1036216.73;869375.63;1788153.95;17795045.42;2202602.78
T3_1501;T3;1501;ALCÁCER DO SAL;12592947.96;7003116;827394.5;2696025.1;1059441.72;1167612.37;180574.2;739.85;287656.96;1781341.6;285070.76
T3_1402;T3;1402;ALCANENA;14816291.53;3594922.17;2237931.76;2402336.65;1492514.42;188401.43;239938.8;286829.48;194652.52;1300319.66;5280781.29
T3_1001;T3;1001;ALCOBAÇA;21361216.55;8203068;397453.36;9194087.26;5576729.38;1330844.83;1092709.53;640766.14;553037.38;3109111.54;457496.39
T3_1502;T3;1502;ALCOCHETE;10148482.21;2120078.51;4499.29;5575278.29;2545426.71;1049770.61;270715.47;577164.62;1132200.88;2227139.68;221486.44
T3_0802;T3;0802;ALCOUTIM;6042173.83;4399209;341548.42;278682.98;181218.67;39553.54;32650.69;0;25260.08;315414.93;707318.5
T3_1101;T3;1101;ALENQUER;17275890.34;4929786;52589.22;6581580.01;4284654.94;1036310.91;713873.2;96656.59;450084.37;2387439.46;3324495.65
T3_0401;T3;0401;ALFÂNDEGA DA FÉ;18588138.22;4097755.08;814608.54;843906.45;390599.26;58208.33;61744.83;40186.01;293168.02;460778.11;12371090.04
T3_1701;T3;1701;ALIJÓ;9847442.99;5005817.48;211633.16;1378440.93;957334.6;132797.96;157435.76;80546.13;50326.48;1288162.9;1963388.52
T3_0803;T3;0803;ALJEZUR;7291512.72;3286314;197256.89;2240475.85;1241467.39;770130.38;95808.23;0;133069.85;1421597.8;145868.18
T3_0201;T3;0201;ALJUSTREL;8076653.24;4203189;587985.21;2161041.22;532237.85;244807.6;150631.09;1155368.32;77996.36;835894.69;288543.12
T3_1503;T3;1503;ALMADA;54965295.51;12428055;317934.02;31541276.67;21049083.49;4424944.12;2679839.94;1538687.63;1848721.49;7190850.58;3487179.24
T3_0902;T3;0902;ALMEIDA;7777463.26;5445252;127419.3;1043469.51;555811.41;34518.63;93967.83;0;359171.64;1022281.5;139040.95
T3_1403;T3;1403;ALMEIRIM;10147500.47;4113621;13644.35;2652618.61;1845257.65;226611.28;342418.86;53458.72;184872.1;1565424.37;1802192.14
T3_0202;T3;0202;ALMODÔVAR;8396339.24;6042420.01;212110.37;720897.16;352173.57;84441.23;101007.16;26343.64;156931.56;824750.36;596161.34
T3_1404;T3;1404;ALPIARÇA;4539555.08;2359800;0;819248.46;526285.12;71093.65;114711.96;55299.39;51858.34;568305.14;792201.48
T3_1201;T3;1201;ALTER DO CHÃO;4691701.21;3006342;454572.07;314229.79;235940.62;0;41206.35;7876.09;29206.73;671639.74;244917.61
T3_1002;T3;1002;ALVAIÁZERE;7812664.33;3351249;2384600.47;939386.71;645786.6;112506.14;108765.07;0;72328.9;951248.9;186179.25
T3_0203;T3;0203;ALVITO;3257093.21;2355164.41;47530.15;258360.89;159474.47;58641.22;28345.11;0;11900.09;356966.34;239071.42
T3_1115;T3;1115;AMADORA;55021252.68;13725250;187036.03;25065768.41;16420916.24;2774309.04;2473801.24;1906785.72;1489956.17;7746192.03;8297006.21
T3_1301;T3;1301;AMARANTE;20961683.78;10792026;571771.9;4949677.98;2891803.84;577855.87;820413.71;0;659604.56;2808520.02;1839687.88
T3_0301;T3;0301;AMARES;8714557.83;4130802;464334.46;2036183.9;1229191.77;333878.34;319630.59;0;153483.2;1097696.19;985541.28
T3_0103;T3;0103;ANADIA;12677076.99;6204708;29166.31;3095494.72;2013720.49;361145.22;519540.11;105956.25;95132.65;3148026.03;199681.93
T3_4301;T3;4301;ANGRA DO HEROÍSMO;13828541.42;7305640.09;2229822.74;2895022.05;1811398.47;357254.33;398797.49;0;327571.76;558775.76;839280.78
T3_1003;T3;1003;ANSIÃO;7756592.94;3796606;279877.81;1986100.21;1056237.75;195289.1;191182.05;183503.7;359887.61;1372992.56;321016.36
T3_1601;T3;1601;ARCOS DE VALDEVEZ;17719172.14;8029251;2651893.01;2443922.77;1568700.32;288104.84;358226.99;0;228890.62;3197626.72;1396478.64
T3_0601;T3;0601;ARGANIL;8271608.52;4482504;166247.23;1688409.71;1019204.97;205202.67;166296.52;0;297705.55;1707856.63;226590.95
T3_1801;T3;1801;ARMAMAR;6815305.61;3878941.52;344141.99;852943.38;411387.3;111891.01;82563.74;82142.84;164958.49;749866.45;989412.27
T3_0104;T3;0104;AROUCA;11694227;5613200;2200554.9;1908174.04;1142750.92;208517.19;298116.79;176440.68;82348.46;1318067.04;654231.02
T3_0702;T3;0702;ARRAIOLOS;6484018.2;4609952.99;165335.39;768436.87;408958.81;176255.91;93817.79;54711.12;34693.24;803341.33;136951.62
T3_1202;T3;1202;ARRONCHES;4745614.96;2858517;918820.48;284262.18;147497.44;85929.62;41098.33;0;9736.79;352255.17;331760.13
T3_1102;T3;1102;ARRUDA DOS VINHOS;7043282.66;2587689;23747.2;1993633.72;1170101.87;196698;241930.82;218886.76;166016.27;1954213.39;483999.35
T3_0105;T3;0105;AVEIRO;39159764.48;6790644;1958264.99;19491309.68;11689067.37;2279898.06;1443437.49;2261216.53;1817690.23;6970538.27;3949007.54
T3_1203;T3;1203;AVIS;5887891;4002136;450366.15;374537.21;226841.52;56233.18;59302.9;25168.23;6991.38;732973.86;327877.78
T3_1103;T3;1103;AZAMBUJA;10664776.77;3796740;4228.22;4673181.65;2068634.58;731915.42;1375286.11;54148.37;443197.17;1151833.11;1038793.79
T3_1302;T3;1302;BAIÃO;9962158.61;5746086;297101.79;1426456.58;665914.06;175682.82;247329.3;0;337530.4;885634.47;1606879.77
T3_0302;T3;0302;BARCELOS;37062103.2;17880624;1406863.84;12698700.58;6697065.59;1603275.18;1786528.54;1378871.78;1232959.49;3715736.57;1360178.21
T3_0204;T3;0204;BARRANCOS;2859334;2348910;69987.03;123563.36;88538.45;5723.29;18842.56;0;10459.06;145256.44;171617.17
T3_1504;T3;1504;BARREIRO;28140928.84;7218167;329991.39;13431852.96;7434961.61;709019.62;1148216.59;38400.05;4101255.09;6569837.45;591080.04
T3_1004;T3;1004;BATALHA;7092452.97;2969055;34063.13;2782742.72;1341023.63;229357.66;338702.09;338855.17;534804.17;942708.83;363883.29
T3_0205;T3;0205;BEJA;16001012.67;7948098;246092.48;4381958.74;2614419.1;520162.28;566167.61;426370.67;254839.08;2952612.79;472250.66
T3_0501;T3;0501;BELMONTE;4475835.07;2846327;71335.41;499084.35;365047.6;31437.31;73316.51;0;29282.93;447174.16;611914.15
T3_1405;T3;1405;BENAVENTE;10964563.32;3264057;0;5174144.15;3252981.97;735475.36;489435.66;490424.11;205827.05;1594181.06;932181.11
T3_1005;T3;1005;BOMBARRAL;6515149.5;2689011;14931.95;2026919.1;1237868.59;291942.73;215250.51;27204.04;254653.23;1592399.7;191887.75
T3_0703;T3;0703;BORBA;5254002.05;2699253;11059.29;893060.56;542850.31;100506.53;97851.36;34789.67;117062.69;869230.96;781398.24
T3_1702;T3;1702;BOTICAS;7027196.51;4137767.76;573679.72;628127.59;382045.55;19511.49;81492.48;0;145078.07;1402332.47;285288.97
T3_0303;T3;0303;BRAGA;65781854.97;16171781.95;1970592.52;28804493.92;15326449.64;4696246.44;3318705.49;3613539.12;1849553.23;3550002.97;15284983.61
T3_0402;T3;0402;BRAGANÇA;23422931.83;10429164;1043509.32;5596428.74;3247465.12;459581.85;568957.89;0;1320423.88;5905399;448430.77
T3_0304;T3;0304;CABECEIRAS DE BASTO;9752980.74;5078007;526253.84;1724761.85;835620.68;185576.52;247231.35;55020.69;401312.61;1044243.69;1379714.36
T3_1104;T3;1104;CADAVAL;7246080.23;3512655;352299.46;1581957.77;1137711.47;142648.16;205762.01;0;95836.13;1468312.25;330855.75
T3_1006;T3;1006;CALDAS DA RAINHA;17402877.78;5084874;1902324.96;7947453.67;4791573.03;1448286.33;930749.89;152614.42;624230;1793169.26;675055.89
T3_3101;T3;3101;CALHETA (MADEIRA);7317122.83;4678884;175184.76;1470252.95;807134.83;324518.09;172199.59;0;166400.44;952933.13;39867.99
T3_4501;T3;4501;CALHETA (SÃO JORGE);4407960.17;2521098;1113267.93;460302.48;317448.2;66793.38;49485.33;8974.01;17601.56;283617.87;29673.89
T3_3102;T3;3102;CÂMARA DE LOBOS;8939034.24;5571702;437259.41;2411160.93;1629851.08;165872.71;368980.92;0;246456.22;354231.91;164679.99
T3_1602;T3;1602;CAMINHA;13164092.61;4375710;2264722.73;3345544.42;2117971.38;450360.51;309234.03;143200.26;324778.24;2597970.6;580144.86
T3_1204;T3;1204;CAMPO MAIOR;7138575.87;3232116;1459982.6;1163862;465873.44;136931.74;145390.96;129926.55;285739.31;793505.03;489110.24
T3_0602;T3;0602;CANTANHEDE;16083408.21;6839244;1668666.87;5780833.51;3705890.12;563347.33;611165.1;644646.12;255784.84;1379973.32;414690.51
T3_0403;T3;0403;CARRAZEDA DE ANSIÃES;6300949.64;4364478;743312.16;518700.23;341324.35;60120.18;79461.21;0;37794.49;418706.53;255752.72
T3_1802;T3;1802;CARREGAL DO SAL;5104538.23;2961666;460831.99;1125577.27;600432.59;83078.69;149721.37;0;292344.62;343249.38;213213.59
T3_1406;T3;1406;CARTAXO;17761855.83;3512185.54;233368.12;3323988.42;2200248.94;357600.1;400396.64;194262.77;171479.97;1404612.4;9287701.35
T3_1105;T3;1105;CASCAIS;107729372.1;10319368;333387.79;87799082.88;34655876.77;30980786.01;4594227.64;1300991.61;16267200.85;4982288.78;4295244.64
T3_1007;T3;1007;CASTANHEIRA DE PÊRA;3442283.76;2244231;9192.88;540197.68;316368.78;33501.52;38501.93;11494.55;140330.9;597937.26;50724.94
T3_0502;T3;0502;CASTELO BRANCO;24409375.26;11845803;774395.52;6950901.83;4686941.71;1011426.88;879642.63;0;372890.61;3026685.34;1811589.57
T3_0106;T3;0106;CASTELO DE PAIVA;6813748.55;4183380;182480.18;1068918.9;612794.54;121578.45;216256.93;0;118288.98;875390.72;503578.75
T3_1205;T3;1205;CASTELO DE VIDE;4264699.47;2873385;136354.98;391301.05;262157.15;36878.35;48394.21;8103.35;35767.99;558683.48;304974.96
T3_1803;T3;1803;CASTRO DAIRE;10179642.81;6024978;31106.04;1529237.84;1044314.14;59027.12;223591.15;0;202305.43;1411485.24;1182835.69
T3_0804;T3;0804;CASTRO MARIM;8208596.94;2411991.91;839973.83;2948358.03;2008086.98;726037.42;106775.26;0;107458.37;1909618.02;98655.15
T3_0206;T3;0206;CASTRO VERDE;7392586.33;4173516;697878.6;1324469.93;424147.29;85335.36;117712.39;617042.29;80232.6;981173.24;215548.56
T3_0903;T3;0903;CELORICO DA BEIRA;6600613.8;4114386;125312.87;1352629.17;722830.99;74927.48;112195.46;104320.96;338354.28;429102.87;579182.89
T3_0305;T3;0305;CELORICO DE BASTO;11823178.1;5615532;2431939.21;1600683.84;968401.64;188076.13;270004.75;0;174201.32;1522710.5;652312.55
T3_1407;T3;1407;CHAMUSCA;7215636.52;5185611;0;993973.64;584771.33;106374.19;125137.02;112680.38;65010.72;539232.39;496819.49
T3_1703;T3;1703;CHAVES;26297374.93;9996030;2617548.56;4953035.45;3176273.51;679836.5;685943.93;8533.73;402447.78;6386854.65;2343906.27
T3_1804;T3;1804;CINFÃES;11456585.83;5950111.31;1419954.97;1265116.41;775111.75;118841.16;234970.61;0;136192.89;242782.3;2578620.84
T3_0603;T3;0603;COIMBRA;55066735.02;12749589;1973170.66;32720975.87;18651957.96;4613347.27;2689213.69;910563.17;5855893.78;5002207.56;2620791.93
T3_0604;T3;0604;CONDEIXA-A-NOVA;8532577.07;3113712;498710.54;1801197.61;1083325.52;284204.61;265855.45;0;167812.03;2534392.09;584564.83
T3_1408;T3;1408;CONSTÂNCIA;3870033.51;2416104;192986.31;435663.91;279978.1;44426.13;63560.29;5465.9;42233.49;634432.34;190846.95
T3_1409;T3;1409;CORUCHE;12771276.71;7526961;524273.09;2261827.22;1223952.7;362316.76;264557.24;229046.53;181953.99;1406715.82;1051499.58
T3_4901;T3;4901;CORVO;1456715.02;1109484;61979.96;22474.24;14867.88;102.5;6361.16;0;1142.7;10810.55;251966.27
T3_0503;T3;0503;COVILHÃ;20119406.5;9372722.88;800281.15;6271509.86;3886093.67;614452.43;728734.05;384013.36;658216.35;2289128.22;1385764.39
T3_1206;T3;1206;CRATO;5513434.14;3609620.8;211990.44;312126.85;243917;7360.94;44803.81;0;16045.1;979377.72;400318.33
T3_0207;T3;0207;CUBA;3785433.97;2344122;100896.69;465079.3;211508.45;64316.27;56731;28136.63;104386.95;499491.12;375844.86
T3_1207;T3;1207;ELVAS;16205581.3;5957163;3757791.22;2714128.33;1745965.66;481298.35;329555;60893.95;96415.37;1628763.57;2147735.18
T3_1410;T3;1410;ENTRONCAMENTO;10863263.58;2437776;1864207.4;2793056.61;1824068.5;200746.62;326376.97;101524.69;340339.83;2189040.01;1579183.56
T3_0107;T3;0107;ESPINHO;22763433.03;4249107.24;3352068.73;6688994.67;3301273.36;433004.94;501725.51;200647.34;2252343.52;3682283.36;4790979.03
T3_0306;T3;0306;ESPOSENDE;14195530.18;4885425;1753779.47;5385089.22;3283646.42;977757.93;623985.35;0;499699.52;1440920.52;730315.97
T3_0108;T3;0108;ESTARREJA;11736196.43;5174856;478034.93;3792583.03;1842863.65;146713.17;436195.29;588719.77;778091.15;1322982.21;967740.26
T3_0704;T3;0704;ESTREMOZ;10593010.74;5218848;1755404.3;1561684.63;851709.88;210496.79;198058.89;73382.9;228036.17;1592947.93;464125.88
T3_0705;T3;0705;ÉVORA;29337021.2;10170036.02;984429.82;10889534.39;4931069.36;1503159.89;923898.49;678372.3;2853034.35;4562631.8;2730389.17
T3_0307;T3;0307;FAFE;23689713.18;9192213;2025899.61;5584605.55;3162330.6;712100.01;820431.48;522207.9;367535.56;4041404.87;2845590.15
T3_0805;T3;0805;FARO;26571638.81;5210597;382009.89;15325588.22;9360716.57;2489822.34;1610089.74;1031422.39;833537.18;2893261.44;2760182.26
T3_1303;T3;1303;FELGUEIRAS;23750284.43;8225433;895651.73;6589028.26;2920311.2;900202.67;977793.09;1243277.34;547443.96;4922481.57;3117689.87
T3_0208;T3;0208;FERREIRA DO ALENTEJO;7301612.99;4750497;76951.96;1138907.16;506480.77;205076.66;117864.15;132048.77;177436.81;856459.15;478797.72
T3_1411;T3;1411;FERREIRA DO ZÊZERE;6109559.44;3526380;66197.45;1174041.4;796151.43;87000.93;121601.18;0;169287.86;1102426.54;240514.05
T3_0605;T3;0605;FIGUEIRA DA FOZ;31485805.46;7253892;1515491.02;13244789.23;8605569.95;1115369.29;1090735.15;1580870.3;852244.54;3634606.64;5837026.57
T3_0904;T3;0904;FIGUEIRA DE CASTELO RODRIGO;6705027.09;4886334;143829.42;558683.46;329116.13;72126.99;77000.28;64998.38;15441.68;915627.57;200552.64
T3_1008;T3;1008;FIGUEIRÓ DOS VINHOS;5483364.15;3306371;448429.51;817553.06;528596.21;56463.63;91299.3;0;141193.92;735131.98;175878.6
T3_0905;T3;0905;FORNOS DE ALGODRES;4255023.31;3041343;40772.6;664827.5;416528.24;82849.99;68902.41;19398.36;77148.5;399418.14;108662.07
T3_0404;T3;0404;FREIXO DE ESPADA À CINTA;5642817.45;3641405.01;699923.66;422369.42;300170.07;35879.81;0;17239.7;69079.84;363900.87;515218.49
T3_1208;T3;1208;FRONTEIRA;3528705.98;2489841;58926.89;302262.69;191844.37;34959.07;40976.72;8289.75;26192.78;448226.73;229448.67
T3_3103;T3;3103;FUNCHAL;50037926.81;10435806;12376.35;23458291.51;12327634.28;4666447.37;2051758.59;244038.78;4168412.49;15485055.53;646397.42
T3_0504;T3;0504;FUNDÃO;18282855.03;8077626;1529570.9;3937687.72;2702414.89;430818.15;420579.22;14455.03;369420.43;3951393.21;786577.2
T3_1209;T3;1209;GAVIÃO;4479257.44;2891986.6;74562.44;401031.51;248523.29;38643.93;45459.78;0;68404.51;589963.73;521713.16
T3_0606;T3;0606;GÓIS;5169273.79;3301695;124273.43;667037.15;358165.19;58194.37;55447.02;0;195230.57;580908.83;495359.38
T3_1412;T3;1412;GOLEGÃ;4730797.2;2267712;185837.43;907357.21;419421.2;97803.72;88642.3;31533.19;269956.8;528033.67;841856.89
T3_1304;T3;1304;GONDOMAR;47228158.34;13512582.02;2331154.21;16739895.83;10171812.04;1622144.55;2395080.12;1388497.46;1162361.66;8244432.4;6400093.88
T3_0906;T3;0906;GOUVEIA;8443579.55;5066775;390937.37;1412146.3;1060134.04;70053.53;197996.94;36888.17;47073.62;1315271.44;258449.44
T3_1505;T3;1505;GRÂNDOLA;13170995.83;4846293;102970.51;5627711.15;2072416.45;2630230.73;212746.53;46952.24;665365.2;1723644.8;870376.37
T3_0907;T3;0907;GUARDA;30178362.31;9984951;1367986.81;6433280.02;4927319.5;420554.48;725017.56;138850.81;221537.67;3543196.58;8848947.9
T3_0308;T3;0308;GUIMARÃES;59454694.18;18405468;3128161.54;23308134.65;13043384.02;2832035.08;2652656.62;2724288.21;2055770.72;7856000.55;6756929.44
T3_4701;T3;4701;HORTA;8116679.61;4108379;1172358.65;1697471.95;951308.52;136790.62;235050.67;175599.96;198722.18;1083973.14;54496.87
T3_0505;T3;0505;IDANHA-A-NOVA;12688167.65;8395774;765624.26;1193870.88;915560.6;121470.53;101616.99;0;55222.76;1522558.22;810340.29
T3_0110;T3;0110;ÍLHAVO;17645138.99;4162230;2364477.93;7625455.12;5210295.37;756595.15;704905.22;579448.61;374210.77;2640297.34;852678.6
T3_0806;T3;0806;LAGOA (ALGARVE);22804679.18;2497155.5;87918.07;12490604.52;6493783.64;4985659.87;531303.78;0;479857.23;7323305.06;405696.03
T3_4201;T3;4201;LAGOA (SÃO MIGUEL);7377742.63;3448827;58702.79;1322912.66;902387.14;119156;158917.3;43220.92;99231.3;1857231.88;690068.3
T3_0807;T3;0807;LAGOS;33025328.16;2548409;1380436.19;18511882.78;9339580.83;5979977.99;634088.73;265456.51;2292778.72;8547206.06;2037394.13
T3_4801;T3;4801;LAJES DAS FLORES;2199458.27;1972350;0;135393.66;84373.13;25358.58;24640.19;0;1021.76;32713.76;59000.85
T3_4601;T3;4601;LAJES DO PICO;4082174.59;2883762;15254.9;382579.74;280662.05;34354.87;56701.8;0;10861.02;577642.09;222935.86
T3_1805;T3;1805;LAMEGO;21622100.45;6157404;5165397.09;3951564.98;2109987.74;768379.35;379593.73;160134.35;533469.81;3786134.09;2561600.29
T3_1009;T3;1009;LEIRIA;47702005.73;13124655;2763868.6;23790751.25;13708706.89;3062281.28;2568340.05;2860578.71;1590844.32;6273752.08;1748978.8
T3_1106;T3;1106;LISBOA;438956578.4;29774808;149071.1;245428652.1;77967118.54;124995035.9;12975152.13;5983682.7;23507662.92;112213135.7;51390911.5
T3_0808;T3;0808;LOULÉ;76697950.13;6336171;5902343.53;50529506.46;23893445.01;19255414.47;1723522.07;1208005;4449119.91;9379010.88;4550918.26
T3_1107;T3;1107;LOURES;76542067.59;15252984;70056.39;35286197.04;19817021.98;5801454.68;4033517.59;2386304.72;3247898.07;5026529.81;20906300.35
T3_1108;T3;1108;LOURINHÃ;17018573.07;3633552;2922696.33;4520258.67;2773229.3;810256.51;484414.36;180677.08;271681.42;4095867.23;1846198.84
T3_0607;T3;0607;LOUSÃ;9676306.84;3352977;559407.52;2939924.59;1495853.8;320559.37;270911.53;254766;597833.89;2083639.91;740357.82
T3_1305;T3;1305;LOUSADA;25258173.14;6996132;7394272.07;4389627.78;2060197.23;507542.18;723081.66;0;1098806.71;3096318.23;3381823.06
T3_1413;T3;1413;MAÇÃO;6837472.67;4662675;55488.17;663542.19;485367.81;68951.79;89268.85;0;19953.74;1276049.06;179718.25
T3_0405;T3;0405;MACEDO DE CAVALEIROS;11557148.83;7320042;0;2196992.03;1109743.47;158785.12;203265.96;19041.81;706155.67;1663101.28;377013.52
T3_3104;T3;3104;MACHICO;7144183.96;4455045;267300.45;1675288.66;1264516.31;0;296793.37;0;113978.98;366414.03;380135.82
T3_4602;T3;4602;MADALENA;5474777.28;3072330;663947.74;628136.39;408013.27;86429.23;87169.99;0;46523.9;494042.95;616320.2
T3_1109;T3;1109;MAFRA;40766232.03;5249853;291989.35;21359593.08;12887798.2;2455793.34;1500857.12;799738.9;3715405.52;6926328.35;6938468.25
T3_1306;T3;1306;MAIA;58076342.6;9041544;5068801.22;27873029.55;14294612.19;3655201.65;2413526.46;5489342.19;2020347.06;4780868.75;11312099.08
T3_1806;T3;1806;MANGUALDE;11076357.17;5217957;106044.38;3068686.45;1652320.43;203561.86;312007.88;207072.64;693723.64;1865977.38;817691.96
T3_0908;T3;0908;MANTEIGAS;4131414.25;2698362;174228.86;333986.04;224531.11;27962.61;44750.31;0;36742.01;776631.19;148206.16
T3_1307;T3;1307;MARCO DE CANAVESES;20329892.85;9845226;947040.61;5396355.62;3391606.87;598612.63;895181.55;261312.58;249641.99;1955413.83;2185856.79
T3_1010;T3;1010;MARINHA GRANDE;15956110.85;4463190;64989.43;6527555.18;3047235.27;719118.54;753986.56;1627105.66;380109.15;4637492.43;262883.81
T3_1210;T3;1210;MARVÃO;3607109.96;2562741;59000.28;350640.88;231777.98;58678.4;48278.91;3588.61;8316.98;536549.41;98178.39
T3_1308;T3;1308;MATOSINHOS;74010683.79;12180987;4151084.86;39797618.87;19871583.09;4427051.8;2914646.54;4392664.27;8191673.17;8035327.17;9845665.89
T3_0111;T3;0111;MEALHADA;11214079.15;3590289;1738064.37;2535460.46;1500818.19;411112.02;358253.15;26396.64;238880.46;2068674.73;1281590.59
T3_0909;T3;0909;MÊDA;5593284.24;3837153.93;0;726397.24;464670.79;59675.03;65959.8;0;136091.62;503340.51;526392.56
T3_1603;T3;1603;MELGAÇO;8784604.89;4663419.51;635747.1;1137864.18;830840.26;50032.19;157866.61;0;99125.12;1720902.4;626671.7
T3_0209;T3;0209;MÉRTOLA;10537294.97;7743807;666038.62;667824.05;405918.61;69637.62;84657.05;0;107610.77;946250.41;513374.89
T3_1704;T3;1704;MESÃO FRIO;4049366.23;2316159;361191.06;386044.18;217629.5;27371.11;52212.96;0;88830.61;581930.37;404041.62
T3_0608;T3;0608;MIRA;7596955.13;3198879;202915.72;2025687.53;1143189.23;209450.11;200114.4;0;472933.79;1500279.83;669193.05
T3_0609;T3;0609;MIRANDA DO CORVO;6628692.01;3131748;231791.03;1352302.12;644226.17;198447.46;190945.53;70342.49;248340.47;1392945.68;519905.18
T3_0406;T3;0406;MIRANDA DO DOURO;7829260.81;4979196;518611.49;766750.05;539247.36;49889.61;112322.53;0;65290.55;1383379.53;181323.74
T3_0407;T3;0407;MIRANDELA;20254762.21;7735013.22;2983341.62;2838535.09;1989510.11;268900.48;322147.62;0;257976.88;3362680.69;3335191.59
T3_0408;T3;0408;MOGADOURO;9947530.29;6512616;805965.8;905794.92;583366.57;68012.4;118722.87;0;135693.08;1178903.06;544250.51
T3_1807;T3;1807;MOIMENTA DA BEIRA;9207912.65;4418538;1845249.09;1327997.3;898708.5;122551.51;154673.99;51594.98;100468.32;1007254.88;608873.38
T3_1506;T3;1506;MOITA;22484100.44;7863243.94;9679.46;8121041.95;5150309.93;927321.86;892451.78;177076.48;973881.9;5954326.42;535808.67
T3_1604;T3;1604;MONÇÃO;11583397.32;5872041;340333.11;2358958.22;1325185.55;533586.43;355448.36;0;144737.88;1826515.81;1185549.18
T3_0809;T3;0809;MONCHIQUE;7077580.97;4694337;266639.4;951723.59;445823.22;327543.1;79526.39;0;98830.88;517755.06;647125.92
T3_1705;T3;1705;MONDIM DE BASTO;6456549.08;4163621.44;540619.65;638163.39;423042.02;73230.22;90655.13;0;51236.02;443634.83;670509.77
T3_1211;T3;1211;MONFORTE;4230945.6;3041928;44509.42;265213.68;177609.94;19741.67;36041.43;0;31820.64;325208.33;554086.17
T3_1706;T3;1706;MONTALEGRE;13566470.89;7498008;678473.19;1346992.21;849073.96;90075.31;164841.32;0;243001.62;2850097.33;1192900.16
T3_0706;T3;0706;MONTEMOR-O-NOVO;8449379.15;5234108;105543.2;1496513;885366.96;188943.34;161143.53;165559.8;95499.37;1392832.99;220381.96
T3_0610;T3;0610;MONTEMOR-O-VELHO;12521909.18;5647608;1396878.45;3744307.69;1925446.58;210897.81;403306.64;126049.45;1078607.21;1433712.09;299402.95
T3_1507;T3;1507;MONTIJO;17814966.94;4101210;0;8517278.44;5356702.8;1045556.27;849618.06;479762.46;785638.85;2757437.58;2439040.92
T3_0707;T3;0707;MORA;5524142.77;3364839;731552.79;547504.84;281628.08;116292.5;67131.22;48818.9;33634.14;778712.76;101533.38
T3_1808;T3;1808;MORTÁGUA;6389777.3;3905181;84393.13;1186497.19;788632.27;150797.9;156395.09;0;90671.93;863690.33;350015.65
T3_0210;T3;0210;MOURA;10689329.57;6998769;122921.12;1528066.41;703475.29;341312.53;195061.2;219450.71;68766.68;1187689.62;851883.42
T3_0708;T3;0708;MOURÃO;4019574.28;2681550.5;0;352946.69;182304.71;113465.26;31331.95;16257.8;9586.97;504374.42;480702.67
T3_1707;T3;1707;MURÇA;4888639.47;3370149;0;478279.55;307639.85;21155.02;70978.89;0;78505.79;499789.89;540421.03
T3_0112;T3;0112;MURTOSA;5224369.43;2715192;231504.82;1434465.02;1075101.57;74921.32;175104.53;11124.89;98212.71;751837.01;91370.58
T3_1011;T3;1011;NAZARÉ;21080110.95;2580948;3160639.66;4798507.48;3128918.12;976671.23;262988.27;104937.33;324992.53;1897161.91;8642853.9
T3_1809;T3;1809;NELAS;16160316.37;3645828;98194.65;1888580.88;1379910.74;112533.34;221647.63;75310.84;99178.33;1346835.57;9180877.27
T3_1212;T3;1212;NISA;8349938.9;4924341;880383;739585.52;508121.38;104749.09;75382.48;0;51332.57;1069966.62;735662.76
T3_4202;T3;4202;NORDESTE;3864792.22;3200428.15;31768.17;471818.6;361151.96;47996.21;44947.14;4323.72;13399.57;51028.93;109748.37
T3_1012;T3;1012;ÓBIDOS;9332800.04;1624986;321978.37;3794621.63;2148433.46;1207902.06;220008.71;0;218277.4;1986927.66;1604286.38
T3_0211;T3;0211;ODEMIRA;19311854.79;10555839;880726.91;3799546.79;2389338.97;569689.7;357236.98;94398.03;388883.11;3567130.93;508611.16
T3_1116;T3;1116;ODIVELAS;47350657.02;11262924;8765.88;24712496.76;13692019.63;4259247.2;2262232.9;1011477.4;3487519.63;6038466.27;5328004.11
T3_1110;T3;1110;OEIRAS;79001426.68;13162833;28774.79;52685600.18;21828345.89;7097163.88;9116296.93;12319029.26;2324764.22;11113818.5;2010400.21
T3_0506;T3;0506;OLEIROS;7433315.68;4554909;244370;446725.65;323465.8;43467.3;51227.03;0;28565.52;1062787.92;1124523.11
T3_0810;T3;0810;OLHÃO;16909503.31;5030369.99;368505.26;7616527.39;4559914.25;1918816.83;798107.2;0;339689.11;1054230.77;2839869.9
T3_0113;T3;0113;OLIVEIRA DE AZEMÉIS;25733369.05;9292203;2289847.28;8761454.96;4870630.18;841443.99;1092407.36;1100264.99;856708.44;2650819.03;2739044.78
T3_1810;T3;1810;OLIVEIRA DE FRADES;10092346.06;3367665;1385108.24;1298613.44;718312.4;86630.14;148392.35;223865.96;121412.59;637839.63;3403119.75
T3_0114;T3;0114;OLIVEIRA DO BAIRRO;14098365.32;4929867;2106924.73;3563674.34;2095556.79;384081.79;425483.35;536389.77;122162.64;1718565.58;1779333.67
T3_0611;T3;0611;OLIVEIRA DO HOSPITAL;10610087.85;5236101;473695.39;2947763.85;1478696.47;294582.97;307074.81;0;867409.6;1535297.77;417229.84
T3_1421;T3;1421;OURÉM;21241842.9;8454474;769289.1;7640827.63;4652331.69;620286.65;767825.02;455237.95;1145146.32;1871647.22;2505604.95
T3_0212;T3;0212;OURIQUE;7126245.1;4700457;228312.21;617568.68;382182.77;103414.91;76535.89;29676.38;25758.73;479326.06;1100581.15
T3_0115;T3;0115;OVAR;20177367.53;5642613;1327585.52;8784317.82;5669240.56;781720.78;873566.77;956391.78;503397.93;3691199.01;731652.18
T3_1309;T3;1309;PAÇOS DE FERREIRA;18541756.6;6476202;1999710.5;5495642.55;2977950.52;813702.39;721688.64;586387.23;395913.77;2053270.66;2516930.89
T3_1508;T3;1508;PALMELA;29561630.17;5684969.93;46076.23;16269597.69;8879289.84;2045530.49;1193774.75;2553909.56;1597093.05;6861432.42;699553.9
T3_0612;T3;0612;PAMPILHOSA DA SERRA;7609885.91;4220877;415304.73;402268.67;317807.72;17683.89;39913.38;0;26863.68;365494.03;2205941.48
T3_1310;T3;1310;PAREDES;34454187.12;10741842;1515946.91;10261219.65;6037675.09;1363163.97;1230581.26;636109.05;993690.28;3248947.54;8686231.02
T3_1605;T3;1605;PAREDES DE COURA;8538660.82;4723812;1245481.91;945297.17;628004.38;66161.3;141309.19;45225.99;64596.31;1008836.46;615233.28
T3_1013;T3;1013;PEDRÓGÃO GRANDE;4063627.07;2773945.1;87106.86;504712.57;346026.16;66419.73;56051.4;0;36215.28;584411.97;113450.57
T3_0613;T3;0613;PENACOVA;7933570.92;4613193;101611.22;1319269.37;799150.28;94179.13;220178.36;0;205761.6;1626515.88;272981.45
T3_1311;T3;1311;PENAFIEL;25597855.76;11453915.02;2594976.4;6652004.11;3625118.4;734124.3;1020318.88;576464.31;695978.22;2943309.5;1953650.73
T3_1811;T3;1811;PENALVA DO CASTELO;5477505.88;3752460;208807.2;705298.67;450993.93;59459.9;113346.47;0;81498.37;586850.81;224089.2
T3_0507;T3;0507;PENAMACOR;7402653.18;4741911;223258.48;710429.78;364983.14;57940.77;71841.36;0;215664.51;794724.81;932329.11
T3_1812;T3;1812;PENEDONO;3966686.38;2952904;249350.35;306059.94;226553.4;22949.04;43779.52;0;12777.98;265002;193370.09
T3_0614;T3;0614;PENELA;5110468.06;2899125;676873.74;580122.64;426185.59;46770.38;84545.17;0;22621.5;618309.23;336037.45
T3_1014;T3;1014;PENICHE;12219310.73;3580056;404567.63;4267369.58;2981229.81;564140.67;437391.05;114535.56;170072.49;2901617.27;1065700.25
T3_1708;T3;1708;PESO DA RÉGUA;12912070.17;4675302.49;3576045.32;1855956.28;1026363.29;260709.2;226564.81;0;342318.98;1413333.36;1391432.72
T3_0910;T3;0910;PINHEL;8863013.62;5532588;13436.6;1227932.79;562683.79;65865.7;136924.21;0;462459.09;868073.09;1220983.14
T3_1015;T3;1015;POMBAL;27806641.39;9824238.01;3075108.56;8043849.22;4881054.86;1224246.61;1016407.64;510358.54;411781.57;5907637.22;955808.38
T3_4203;T3;4203;PONTA DELGADA;25717801.14;10713582;2046938.48;9692161.45;5019657.06;1237731.66;1022947.64;1700072.58;711752.51;3068717.87;196401.34
T3_3105;T3;3105;PONTA DO SOL;4381667.08;2724462;171161.51;918388.9;555478.66;49313.02;116928.62;0;196668.6;529612.81;38041.86
T3_1606;T3;1606;PONTE DA BARCA;9550780.82;4400802;603637.13;1352399.21;945318.17;137271.41;92855.85;0;176953.78;1166642.39;2027300.09
T3_1607;T3;1607;PONTE DE LIMA;19997074.08;8694904.05;1722478.14;4120566.22;2513933.52;414819.68;654114.03;0;537698.99;3221597.62;2237528.05
T3_1213;T3;1213;PONTE DE SOR;13091208.23;6078024;72700.11;1468018.58;1029336.94;157677.52;225230.5;0;55773.62;1914963.77;3557501.77
T3_1214;T3;1214;PORTALEGRE;12980937.14;5884548.5;432533.66;3660448.63;2245212.52;682707.27;373611.33;16560.12;342357.39;2621954.04;381452.31
T3_0709;T3;0709;PORTEL;6347605.92;4559996.97;103543.45;533202.86;302406.93;122148.7;78012.11;15991.5;14643.62;665191.2;485671.44
T3_0811;T3;0811;PORTIMÃO;38217038.5;3592206;191683.42;23256703.49;16586855.67;3919398.35;1093109.19;596622.43;1060717.85;2781466.31;8394979.28
T3_1312;T3;1312;PORTO;117128241.5;18798471;2830877.33;72437504.83;29860103.33;20313020.09;4456099.37;7609954.06;10198327.98;18475581.52;4585806.86
T3_1016;T3;1016;PORTO DE MÓS;12125116.59;5059890;118138.94;3331471.67;2038047.42;282338.65;416550.62;333534.95;261000.03;2623997.33;991618.65
T3_3106;T3;3106;PORTO MONIZ;3604716.52;2720241;0;308839.44;211879.29;11660.3;32108.91;0;53190.94;566602.39;9033.69
T3_3201;T3;3201;PORTO SANTO;3468696.3;1279404;0;2091977.99;1639474.97;204115.98;114736.48;61336.62;72313.94;89537.68;7776.63
T3_0309;T3;0309;PÓVOA DE LANHOSO;11395056.99;5331663;1412295.5;2768068.36;1791230.83;191712.76;363837.02;0;421287.75;1475487.82;407542.31
T3_1313;T3;1313;PÓVOA DE VARZIM;32540217.84;6116877;2515746.51;10030548.32;6192607.69;1312568.43;1019444.19;0;1505928.01;9984205.65;3892840.36
T3_4204;T3;4204;POVOAÇÃO;4478683.83;3090333.16;204187.7;539968.32;373194.58;69848.37;59699.54;9088.16;28137.67;604446.89;39747.76
T3_4302;T3;4302;PRAIA DA VITÓRIA;8448670.1;5019993;381324.78;1753429.11;1074582.95;118219;275773.75;186546.42;98306.99;272997.89;1020925.32
T3_0508;T3;0508;PROENÇA-A-NOVA;6811568.23;4612149;2500;605186.45;417548.67;64354.13;93762.64;0;29521.01;1394754.21;196978.57
T3_0710;T3;0710;REDONDO;5991490.55;3443850;317335.94;872867.22;473670.12;165860.68;79921.25;0;153415.17;761346.91;596090.48
T3_0711;T3;0711;REGUENGOS DE MONSARAZ;9383144.53;4105131;560676.61;1614565.53;903139.26;275734.12;145205.92;64688.82;225797.41;1713094.09;1389677.3
T3_1813;T3;1813;RESENDE;7815331.92;4327965;645191.53;1220271.32;825663.33;100626.92;132019.98;28893.33;133067.76;904657.98;717246.09
T3_3107;T3;3107;RIBEIRA BRAVA;5125128.47;3461517;34769.24;1160794.85;680488.98;180646.23;168716.24;0;130943.4;378350.27;89697.11
T3_1709;T3;1709;RIBEIRA DE PENA;7754135.46;3738888;638333.03;939249.08;448426.28;46943.33;85009.01;56032.56;302837.9;2242471.41;195193.94
T3_4205;T3;4205;RIBEIRA GRANDE;15343249.53;6859134;1759061.82;2600603.07;1431286.88;526875.82;288936.67;248362.69;105141.01;3059773.39;1064677.25
T3_1414;T3;1414;RIO MAIOR;13069857.35;4560993;258809.92;3329781.82;2015000.56;241714.92;353937.37;355957.29;363171.68;2835009.02;2085263.59
T3_1710;T3;1710;SABROSA;5185667.44;3611871;267216.5;730312.92;394673.28;122968.59;89725.34;0;122945.71;428782.44;147484.58
T3_0911;T3;0911;SABUGAL;11499379.01;7528176;86000.46;1538603.18;1025459.24;44605;172086.76;0;296452.18;1354215.7;992383.67
T3_1415;T3;1415;SALVATERRA DE MAGOS;7964887.6;4008204.01;0;2485066.11;1292358.69;584274;346121.39;112471.75;149840.28;1092821.19;378796.29
T3_1814;T3;1814;SANTA COMBA DÃO;7138843.76;3129070.28;41112.75;1683714.21;1145656.54;131568.18;170187.05;52607.42;183695.02;594049.59;1690896.93
T3_3108;T3;3108;SANTA CRUZ;15636328.27;4629807;3415.7;5949082.06;3417089.1;738564.83;717787.2;0;1075640.93;3291276.68;1762746.83
T3_4401;T3;4401;SANTA CRUZ DA GRACIOSA;2697182.47;1866448;0;466163.24;321916.11;32804.62;66822.41;0;44620.1;203951.76;160619.47
T3_4802;T3;4802;SANTA CRUZ DAS FLORES;2311312.45;1735163.99;379170.46;154249.13;99134.28;17320.73;32915.21;0;4878.91;12304.38;30424.49
T3_0109;T3;0109;SANTA MARIA DA FEIRA;44691395.86;13454775;3224534.68;19100408.15;11521779.29;2045794.13;2356280.08;2252493.81;924060.84;6271153.09;2640524.94
T3_1711;T3;1711;SANTA MARTA DE PENAGUIÃO;7395258.44;3122577;2446683.31;563216.57;297224.53;124043.54;95996.37;0;45952.13;772001.06;490780.5
T3_3109;T3;3109;SANTANA;4786523.68;3984678;95344.96;647777.55;451332.31;26451.47;100688.98;0;69304.79;40811.82;17911.35
T3_1416;T3;1416;SANTARÉM;27426432.76;9676908;1112043.63;9979736.24;6601047.71;1082171.41;968820.41;624422.61;703274.1;2735131.57;3922613.32
T3_1509;T3;1509;SANTIAGO DO CACÉM;17025234.92;8585010;0;4209187.69;2875929.75;430783.4;508971.89;238543.58;154959.07;3386939.06;844098.17
T3_1314;T3;1314;SANTO TIRSO;27552849.48;10123919.98;4556672.22;8307607.24;4767476.95;871393.08;1033164.49;972876.23;662696.49;2753002;1811648.04
T3_0812;T3;0812;SÃO BRÁS DE ALPORTEL;8000922.03;2745234;975287.97;2234475.57;1293968.76;400382.33;223891.58;0;316232.9;1490211.99;555712.5
T3_0116;T3;0116;SÃO JOÃO DA MADEIRA;11697536.04;3067596;324807.24;3905830.83;2160475.83;472269.69;361760.29;745810.46;165514.56;2264086.21;2135215.76
T3_1815;T3;1815;SÃO JOÃO DA PESQUEIRA;6986981.32;4493919.8;506215.16;825837.38;376671.78;140080.8;88637.84;63884.86;156562.1;848418.82;312590.16
T3_1816;T3;1816;SÃO PEDRO DO SUL;10694694.35;5904180;284440.08;1696657.84;1060029.14;119483.57;248316.29;66881.98;201946.86;1966917.14;842499.29
T3_4603;T3;4603;SÃO ROQUE DO PICO;3069115.37;2301993;89331.61;369809.51;242577.01;46087.39;67556.93;0;13588.18;289033.74;18947.51
T3_3110;T3;3110;SÃO VICENTE;4498493.33;3139254;0;596282.96;386257.01;60121.28;73807.88;0;76096.79;172441.78;590514.59
T3_1417;T3;1417;SARDOAL;4494627.98;2609181;138530.58;357207.92;242719.31;28413.38;52342.54;15951.53;17781.16;486390.04;903318.44
T3_1817;T3;1817;SÁTÃO;7372631.72;4174002;421592.34;1415115.25;908651.48;101608.85;190646.4;0;214208.52;845240.49;516681.64
T3_0912;T3;0912;SEIA;15035769.63;7447986;443955.43;3921991.43;2214851.6;252641.24;368594.27;27556.16;1058348.16;2599048.5;622788.27
T3_1510;T3;1510;SEIXAL;58818748.02;10645875;1181877.29;35966763.12;18347150.77;3387744.65;2567600.81;1318816.58;10345450.31;10543815.91;480416.7
T3_1818;T3;1818;SERNANCELHE;6397773.46;3781944;958187.83;618835.32;333621.4;23263.56;83953.71;0;177996.65;878157.45;160648.86
T3_0213;T3;0213;SERPA;11362399.6;7854570;438373.9;1544740.96;755169.17;373237.16;200693.72;55039.76;160601.15;1337548.36;187166.38
T3_0509;T3;0509;SERTÃ;9515667.69;5564285;526053.35;1293454.09;715790.64;131153.02;170559.58;33534.65;242416.2;1999255.1;132620.15
T3_1511;T3;1511;SESIMBRA;29101654.14;3729771.01;133859.06;13384565.72;8533868.09;2224282.16;989531.46;194416.93;1442467.08;9316182.63;2537275.72
T3_1512;T3;1512;SETÚBAL;57217508.79;8160273;96219.05;25343484.9;17028114.42;3154215.93;2264014.47;644536.94;2252603.14;9078075.18;14539456.66
T3_0117;T3;0117;SEVER DO VOUGA;6158379.47;3726807.21;89769.05;1341295.68;809385.35;80088.97;187377.54;169436.79;95007.03;570935.16;429572.37
T3_0813;T3;0813;SILVES;22323227.1;6136200;136562.61;8288947.56;5072763.02;1924108.8;692027.98;0;600047.76;5060071.12;2701445.81
T3_1513;T3;1513;SINES;17606794.4;2892421.5;772875.63;3216818.23;1549393.32;850400.08;244928.28;0;572096.55;4742321.16;5982357.88
T3_1111;T3;1111;SINTRA;116682574.4;23219811;457878.68;69263365.77;37098693.51;10222546.71;7835078.53;8271313.02;5835734;8518656.48;15222862.49
T3_1112;T3;1112;SOBRAL DE MONTE AGRAÇO;5723842.01;2362500;91059.6;1645229.87;768498.26;232670.45;201601.2;91128.25;351331.71;1388630.64;236421.9
T3_0615;T3;0615;SOURE;9734556.79;5256855;231344.1;1990872;1392108.62;81824.65;284728.58;46334.13;185876.02;1924038.87;331446.82
T3_1215;T3;1215;SOUSEL;5180912.19;2897406;386664.6;567082.62;358355.17;90827.19;64868.53;12012.24;41019.49;733502.19;596256.78
T3_0616;T3;0616;TÁBUA;7354916.07;4129398;448185.52;1476617.93;683860.08;132168.69;192376.81;87794.97;380417.38;422501.68;878212.94
T3_1819;T3;1819;TABUAÇO;5617718.25;3747897;410933.33;602459.78;410649.75;59826.89;69402.69;23877.65;38702.8;561045.43;295382.71
T3_1820;T3;1820;TAROUCA;7362237.98;3543795;587678.85;793975.24;523678.74;89745.2;114187.91;0;66363.39;987495.05;1449293.84
T3_0814;T3;0814;TAVIRA;19329449.96;4889277;508805.38;9806402.24;5615565.41;3063024.25;534136.14;1172.92;592503.52;2974966.79;1149998.55
T3_0310;T3;0310;TERRAS DE BOURO;6948947.36;4142784;380210.95;649442.89;379068.66;37663.13;103321.54;0;129389.56;719212.29;1057297.23
T3_1418;T3;1418;TOMAR;17644209.15;6948036;1265970.7;4188217.93;2676562.22;386715.8;680296.34;0;444643.57;2588126.4;2653858.12
T3_1821;T3;1821;TONDELA;14582294.19;7496541;750566.94;3905331.77;2066042.58;639874.61;436623.26;532906.62;229884.7;1671666.07;758188.41
T3_0409;T3;0409;TORRE DE MONCORVO;9381191.16;5407524;970139.83;882848.17;518759.21;166116.19;98337.62;38709.49;60925.66;1437315.89;683363.27
T3_1419;T3;1419;TORRES NOVAS;17990411.57;6399225;1947645.16;5240945.77;3118256.94;416748.09;595562.58;538318.46;572059.7;2195798.32;2206797.32
T3_1113;T3;1113;TORRES VEDRAS;38796361.33;8690418;3615487.8;14334825.97;9348507.62;1943080.1;1343349.72;270864.46;1429024.07;4617083.58;7538545.98
T3_0913;T3;0913;TRANCOSO;6807761.51;5003289;119106.72;965059.19;613243.72;62824.08;139126.41;0;149864.98;388306;332000.6
T3_1318;T3;1318;TROFA;18179011.31;5089914;3116103.85;7444712.07;4152995.69;768171.45;687357.09;1239446.27;596741.57;480914.86;2047366.53
T3_0118;T3;0118;VAGOS;10783082.47;4466624;998100.01;3503570.39;1965011.07;660309.7;441813.31;188176.88;248259.43;1014380.06;800408.01
T3_0119;T3;0119;VALE DE CAMBRA;10890262.31;4950468;398522.81;3274993;1784191.7;228611.18;390041.94;559330.18;312818;1757325.09;508953.41
T3_1608;T3;1608;VALENÇA;11711945.41;4046643;2670355.89;2365506.73;1158591.59;177240.96;237727.14;270789.18;521157.86;1629765.65;999674.14
T3_1315;T3;1315;VALONGO;22661872.53;7233381;177900.85;10530086.51;6367158.29;1296710.89;1388290.43;888735.13;589191.77;3731563.19;988940.98
T3_1712;T3;1712;VALPAÇOS;11938488.26;7100982;395103.21;1763837.39;1057740.72;191212.85;221225.63;0;293658.19;2096782.46;581783.2
T3_4502;T3;4502;VELAS;4577655.71;2915532;652153.58;534929.55;261734.85;169368.57;81890.77;0;21935.36;455703.71;19336.87
T3_0712;T3;0712;VENDAS NOVAS;6091426.14;2714022;26339.55;1665960.23;893698.04;130590.54;182003.73;74600.34;385067.58;1438008.78;247095.58
T3_0713;T3;0713;VIANA DO ALENTEJO;5283810.14;3132954;584342.18;675132.21;336475.97;189758.49;77819.27;17519.26;53559.22;663888.09;227493.66
T3_1609;T3;1609;VIANA DO CASTELO;39396064.76;11266569;1219650.37;14545771.2;8280979.4;1416176.52;1512142.05;2382257.75;954215.48;3066409.18;9297665.01
T3_0214;T3;0214;VIDIGUEIRA;7247171.18;3023802;1423014.56;644942.81;345430.94;111603.53;84838.2;13305.27;89764.87;987603.15;1167808.66
T3_0311;T3;0311;VIEIRA DO MINHO;9294958.27;4783795.99;283967.39;1057826.53;707041.86;101885.59;168318.61;0;80580.47;1231467.84;1937900.52
T3_0510;T3;0510;VILA DE REI;3979758.62;2797164;56173.95;380895.25;245489.25;30268.96;36473.26;1019.51;67644.27;227623.8;517901.62
T3_0815;T3;0815;VILA DO BISPO;8246900.51;2091802;466079.03;3015812.8;1372938.98;1418500.55;108439.41;0;115933.86;2324271.56;348935.12
T3_1316;T3;1316;VILA DO CONDE;34079565.35;7181676;2100418.14;16927492.11;10368809.38;2407488.76;1304524.94;1688835.07;1157833.96;4619244.64;3250734.46
T3_4101;T3;4101;VILA DO PORTO;3970185.84;2832957;202556.7;538730.25;341164.9;73838.82;94073.37;0;29653.16;337643.48;58298.41
T3_0410;T3;0410;VILA FLOR;5582761.69;4069271;17723.67;495074.03;331978.64;54401.91;64881.97;0;43811.51;663941.91;336751.08
T3_1114;T3;1114;VILA FRANCA DE XIRA;39007325.03;10024659;216932.16;18718709.26;10329796.28;3258582.31;2143208.17;1791194.24;1195928.26;8087167.87;1959856.74
T3_4206;T3;4206;VILA FRANCA DO CAMPO;7126168.3;3260376;1356776.48;1455377.23;991480.32;145258.83;99148.42;43392.68;176096.98;940460.6;113177.99
T3_1420;T3;1420;VILA NOVA DA BARQUINHA;5270129.09;2346084;206571.53;1119084.27;417229.81;84887.99;121667.1;486.72;494812.65;644698.92;953690.37
T3_1610;T3;1610;VILA NOVA DE CERVEIRA;10259857.51;4356891;1880831.13;2368918.81;862355.62;595422.57;171617.07;128679.71;610843.84;839102.79;814113.78
T3_0312;T3;0312;VILA NOVA DE FAMALICÃO;52524318.45;14646780;1387537.1;16670123.34;10007867.45;2915420.82;2361156.17;0;1385678.9;12332228.23;7487649.78
T3_0914;T3;0914;VILA NOVA DE FOZ CÔA;7967210.65;4373334;1012950.61;714787.19;482709.35;102766.91;94358.98;0;34951.95;1002554.01;863584.84
T3_1317;T3;1317;VILA NOVA DE GAIA;90586949.44;20211093;2843541.33;46836613.48;29558527.33;6721563.51;5706120.58;3160242.88;1690159.18;8107026.1;12588675.53
T3_1822;T3;1822;VILA NOVA DE PAIVA;5411445.84;2849073;808376.66;706413.29;424990.49;35580.75;73916.95;0;171925.1;395700.52;651882.37
T3_0617;T3;0617;VILA NOVA DE POIARES;6015161.21;2999827;202235.45;1413480.19;776810.43;109599.87;122773.42;62664.76;341631.71;726769.74;672848.83
T3_1713;T3;1713;VILA POUCA DE AGUIAR;13007719.69;5755266;2014612;2530249.78;815248.87;137392.42;203441.37;456357.29;917809.83;2114676.75;592915.16
T3_1714;T3;1714;VILA REAL;21340172.11;8270415;3826810.84;6430024.4;4136042.55;769646.48;878311.82;394820.09;251203.46;1992798.52;820123.35
T3_0816;T3;0816;VILA REAL DE SANTO ANTÓNIO;14351210.4;1890858;411609.02;7310436.35;5179578.38;937064.06;321424.48;130259;742110.43;3529972.07;1208334.96
T3_0511;T3;0511;VILA VELHA DE RÓDÃO;5234824.29;3294261;205936.96;577572.48;307876.74;49075.91;35947.32;163858.43;20814.08;619321.19;537732.66
T3_0313;T3;0313;VILA VERDE;22280564.08;9321877;4255712.89;4919337;2275619.62;1113317.74;779165.46;287263.15;463971.03;2665236.81;1118400.38
T3_0714;T3;0714;VILA VIÇOSA;5345553.66;2925027;35998.13;956404.31;482822.17;128219.82;122625.91;103155.34;119581.07;866977.91;561146.31
T3_0411;T3;0411;VIMIOSO;6283064.99;4472064;340879.1;437569.64;308653.92;44318.06;61316.39;0;23281.27;312633.27;719918.98
T3_0412;T3;0412;VINHAIS;9309910.57;6596154;946460.96;624517.37;432753.32;27341.27;99146.44;101.48;65174.86;911140.58;231637.66
T3_1823;T3;1823;VISEU;33189571.31;11428794;1335758.07;13537172.47;8890019.36;2011778.18;1537379.48;29347.94;1068647.51;4870068.86;2017777.91
T3_0314;T3;0314;VIZELA;13422002.22;4006176;226253.67;3569844.47;1863688.36;665557.75;310277.19;285716.34;444604.83;1615933.91;4003794.17
T3_1824;T3;1824;VOUZELA;6840568.15;3877065;484450.18;918507.9;525985.72;85841.42;145246.4;78399.87;83034.49;1191465.62;369079.45
